timestamp,app_kubernetes_io_instance,app_kubernetes_io_managed_by,app_kubernetes_io_name,app_kubernetes_io_part_of,app_kubernetes_io_version,helm_sh_chart,instance,job,namespace,node,node_name,path,service,zone,timestamp,kepler_node_cpu_power_raw,layer,unit,treatment
2026-01-15 14:13:53.230000019+00:00,kepler,Helm,kerpler-new,kepler,latest,kepler-0.0.0-dev,192.168.4.121:28282,kubernetes-service-endpoints,kepler,sm-gpu,sm-gpu,/host/sys/class/powercap/intel-rapl:0,kepler-kerpler-new,package,1768486433.23,15.293711200000093,node,watts,NoTreatment
2026-01-15 14:14:23.230000019+00:00,kepler,Helm,kerpler-new,kepler,latest,kepler-0.0.0-dev,192.168.4.121:28282,kubernetes-service-endpoints,kepler,sm-gpu,sm-gpu,/host/sys/class/powercap/intel-rapl:0,kepler-kerpler-new,package,1768486463.23,16.009384381818183,node,watts,Treatment
2026-01-15 14:14:53.230000019+00:00,kepler,Helm,kerpler-new,kepler,latest,kepler-0.0.0-dev,192.168.4.121:28282,kubernetes-service-endpoints,kepler,sm-gpu,sm-gpu,/host/sys/class/powercap/intel-rapl:0,kepler-kerpler-new,package,1768486493.23,17.756815145454574,node,watts,Treatment
2026-01-15 14:15:23.230000019+00:00,kepler,Helm,kerpler-new,kepler,latest,kepler-0.0.0-dev,192.168.4.121:28282,kubernetes-service-endpoints,kepler,sm-gpu,sm-gpu,/host/sys/class/powercap/intel-rapl:0,kepler-kerpler-new,package,1768486523.23,17.589141090909173,node,watts,Treatment
2026-01-15 14:15:53.230000019+00:00,kepler,Helm,kerpler-new,kepler,latest,kepler-0.0.0-dev,192.168.4.121:28282,kubernetes-service-endpoints,kepler,sm-gpu,sm-gpu,/host/sys/class/powercap/intel-rapl:0,kepler-kerpler-new,package,1768486553.23,16.473108545454636,node,watts,Treatment
2026-01-15 14:16:23.230000019+00:00,kepler,Helm,kerpler-new,kepler,latest,kepler-0.0.0-dev,192.168.4.121:28282,kubernetes-service-endpoints,kepler,sm-gpu,sm-gpu,/host/sys/class/powercap/intel-rapl:0,kepler-kerpler-new,package,1768486583.23,16.23700489090909,node,watts,Treatment
2026-01-15 14:16:53.230000019+00:00,kepler,Helm,kerpler-new,kepler,latest,kepler-0.0.0-dev,192.168.4.121:28282,kubernetes-service-endpoints,kepler,sm-gpu,sm-gpu,/host/sys/class/powercap/intel-rapl:0,kepler-kerpler-new,package,1768486613.23,16.17765652727275,node,watts,Treatment
2026-01-15 14:17:23.230000019+00:00,kepler,Helm,kerpler-new,kepler,latest,kepler-0.0.0-dev,192.168.4.121:28282,kubernetes-service-endpoints,kepler,sm-gpu,sm-gpu,/host/sys/class/powercap/intel-rapl:0,kepler-kerpler-new,package,1768486643.23,15.422917072727232,node,watts,Treatment
2026-01-15 14:17:53.230000019+00:00,kepler,Helm,kerpler-new,kepler,latest,kepler-0.0.0-dev,192.168.4.121:28282,kubernetes-service-endpoints,kepler,sm-gpu,sm-gpu,/host/sys/class/powercap/intel-rapl:0,kepler-kerpler-new,package,1768486673.23,14.825080618181858,node,watts,Treatment
2026-01-15 14:18:23.230000019+00:00,kepler,Helm,kerpler-new,kepler,latest,kepler-0.0.0-dev,192.168.4.121:28282,kubernetes-service-endpoints,kepler,sm-gpu,sm-gpu,/host/sys/class/powercap/intel-rapl:0,kepler-kerpler-new,package,1768486703.23,15.228875254545445,node,watts,Treatment
2026-01-15 14:18:53.230000019+00:00,kepler,Helm,kerpler-new,kepler,latest,kepler-0.0.0-dev,192.168.4.121:28282,kubernetes-service-endpoints,kepler,sm-gpu,sm-gpu,/host/sys/class/powercap/intel-rapl:0,kepler-kerpler-new,package,1768486733.23,16.043384181818162,node,watts,Treatment
2026-01-15 14:19:23.230000019+00:00,kepler,Helm,kerpler-new,kepler,latest,kepler-0.0.0-dev,192.168.4.121:28282,kubernetes-service-endpoints,kepler,sm-gpu,sm-gpu,/host/sys/class/powercap/intel-rapl:0,kepler-kerpler-new,package,1768486763.23,16.61861521818183,node,watts,Treatment
2026-01-15 14:19:53.230000019+00:00,kepler,Helm,kerpler-new,kepler,latest,kepler-0.0.0-dev,192.168.4.121:28282,kubernetes-service-endpoints,kepler,sm-gpu,sm-gpu,/host/sys/class/powercap/intel-rapl:0,kepler-kerpler-new,package,1768486793.23,16.421344545454485,node,watts,Treatment
2026-01-15 14:20:23.230000019+00:00,kepler,Helm,kerpler-new,kepler,latest,kepler-0.0.0-dev,192.168.4.121:28282,kubernetes-service-endpoints,kepler,sm-gpu,sm-gpu,/host/sys/class/powercap/intel-rapl:0,kepler-kerpler-new,package,1768486823.23,16.196895200000093,node,watts,Treatment
2026-01-15 14:20:53.230000019+00:00,kepler,Helm,kerpler-new,kepler,latest,kepler-0.0.0-dev,192.168.4.121:28282,kubernetes-service-endpoints,kepler,sm-gpu,sm-gpu,/host/sys/class/powercap/intel-rapl:0,kepler-kerpler-new,package,1768486853.23,15.628275852665213,node,watts,Treatment
2026-01-15 14:21:23.230000019+00:00,kepler,Helm,kerpler-new,kepler,latest,kepler-0.0.0-dev,192.168.4.121:28282,kubernetes-service-endpoints,kepler,sm-gpu,sm-gpu,/host/sys/class/powercap/intel-rapl:0,kepler-kerpler-new,package,1768486883.23,14.87849830909095,node,watts,Treatment
2026-01-15 14:21:53.230000019+00:00,kepler,Helm,kerpler-new,kepler,latest,kepler-0.0.0-dev,192.168.4.121:28282,kubernetes-service-endpoints,kepler,sm-gpu,sm-gpu,/host/sys/class/powercap/intel-rapl:0,kepler-kerpler-new,package,1768486913.23,15.050341654545495,node,watts,Treatment
2026-01-15 14:22:23.230000019+00:00,kepler,Helm,kerpler-new,kepler,latest,kepler-0.0.0-dev,192.168.4.121:28282,kubernetes-service-endpoints,kepler,sm-gpu,sm-gpu,/host/sys/class/powercap/intel-rapl:0,kepler-kerpler-new,package,1768486943.23,16.131846472727194,node,watts,Treatment
2026-01-15 14:22:53.230000019+00:00,kepler,Helm,kerpler-new,kepler,latest,kepler-0.0.0-dev,192.168.4.121:28282,kubernetes-service-endpoints,kepler,sm-gpu,sm-gpu,/host/sys/class/powercap/intel-rapl:0,kepler-kerpler-new,package,1768486973.23,16.428185672727174,node,watts,Treatment
2026-01-15 14:23:23.230000019+00:00,kepler,Helm,kerpler-new,kepler,latest,kepler-0.0.0-dev,192.168.4.121:28282,kubernetes-service-endpoints,kepler,sm-gpu,sm-gpu,/host/sys/class/powercap/intel-rapl:0,kepler-kerpler-new,package,1768487003.23,16.198349199134668,node,watts,Treatment
2026-01-15 14:23:53.230000019+00:00,kepler,Helm,kerpler-new,kepler,latest,kepler-0.0.0-dev,192.168.4.121:28282,kubernetes-service-endpoints,kepler,sm-gpu,sm-gpu,/host/sys/class/powercap/intel-rapl:0,kepler-kerpler-new,package,1768487033.23,15.14958663636366,node,watts,Treatment
2026-01-15 14:24:23.230000019+00:00,kepler,Helm,kerpler-new,kepler,latest,kepler-0.0.0-dev,192.168.4.121:28282,kubernetes-service-endpoints,kepler,sm-gpu,sm-gpu,/host/sys/class/powercap/intel-rapl:0,kepler-kerpler-new,package,1768487063.23,15.575861872727346,node,watts,Treatment
2026-01-15 14:24:53.230000019+00:00,kepler,Helm,kerpler-new,kepler,latest,kepler-0.0.0-dev,192.168.4.121:28282,kubernetes-service-endpoints,kepler,sm-gpu,sm-gpu,/host/sys/class/powercap/intel-rapl:0,kepler-kerpler-new,package,1768487093.23,16.22835665454543,node,watts,Treatment
2026-01-15 14:25:23.230000019+00:00,kepler,Helm,kerpler-new,kepler,latest,kepler-0.0.0-dev,192.168.4.121:28282,kubernetes-service-endpoints,kepler,sm-gpu,sm-gpu,/host/sys/class/powercap/intel-rapl:0,kepler-kerpler-new,package,1768487123.23,16.630123090909116,node,watts,Treatment
2026-01-15 14:25:53.230000019+00:00,kepler,Helm,kerpler-new,kepler,latest,kepler-0.0.0-dev,192.168.4.121:28282,kubernetes-service-endpoints,kepler,sm-gpu,sm-gpu,/host/sys/class/powercap/intel-rapl:0,kepler-kerpler-new,package,1768487153.23,16.514080454545514,node,watts,Treatment
2026-01-15 14:26:23.230000019+00:00,kepler,Helm,kerpler-new,kepler,latest,kepler-0.0.0-dev,192.168.4.121:28282,kubernetes-service-endpoints,kepler,sm-gpu,sm-gpu,/host/sys/class/powercap/intel-rapl:0,kepler-kerpler-new,package,1768487183.23,16.11485238181816,node,watts,Treatment
2026-01-15 14:26:53.230000019+00:00,kepler,Helm,kerpler-new,kepler,latest,kepler-0.0.0-dev,192.168.4.121:28282,kubernetes-service-endpoints,kepler,sm-gpu,sm-gpu,/host/sys/class/powercap/intel-rapl:0,kepler-kerpler-new,package,1768487213.23,15.402500200000015,node,watts,Treatment
2026-01-15 14:27:23.230000019+00:00,kepler,Helm,kerpler-new,kepler,latest,kepler-0.0.0-dev,192.168.4.121:28282,kubernetes-service-endpoints,kepler,sm-gpu,sm-gpu,/host/sys/class/powercap/intel-rapl:0,kepler-kerpler-new,package,1768487243.23,15.364723300000042,node,watts,Treatment
2026-01-15 14:27:53.230000019+00:00,kepler,Helm,kerpler-new,kepler,latest,kepler-0.0.0-dev,192.168.4.121:28282,kubernetes-service-endpoints,kepler,sm-gpu,sm-gpu,/host/sys/class/powercap/intel-rapl:0,kepler-kerpler-new,package,1768487273.23,16.160663290909064,node,watts,Treatment
2026-01-15 14:28:23.230000019+00:00,kepler,Helm,kerpler-new,kepler,latest,kepler-0.0.0-dev,192.168.4.121:28282,kubernetes-service-endpoints,kepler,sm-gpu,sm-gpu,/host/sys/class/powercap/intel-rapl:0,kepler-kerpler-new,package,1768487303.23,13.437228803563142,node,watts,Treatment
2026-01-15 14:28:53.230000019+00:00,kepler,Helm,kerpler-new,kepler,latest,kepler-0.0.0-dev,192.168.4.121:28282,kubernetes-service-endpoints,kepler,sm-gpu,sm-gpu,/host/sys/class/powercap/intel-rapl:0,kepler-kerpler-new,package,1768487333.23,16.97543465454549,node,watts,Treatment
2026-01-15 14:29:23.230000019+00:00,kepler,Helm,kerpler-new,kepler,latest,kepler-0.0.0-dev,192.168.4.121:28282,kubernetes-service-endpoints,kepler,sm-gpu,sm-gpu,/host/sys/class/powercap/intel-rapl:0,kepler-kerpler-new,package,1768487363.23,16.630835239373624,node,watts,Treatment
2026-01-15 14:29:53.230000019+00:00,kepler,Helm,kerpler-new,kepler,latest,kepler-0.0.0-dev,192.168.4.121:28282,kubernetes-service-endpoints,kepler,sm-gpu,sm-gpu,/host/sys/class/powercap/intel-rapl:0,kepler-kerpler-new,package,1768487393.23,15.57348385454547,node,watts,Treatment
2026-01-15 14:30:23.230000019+00:00,kepler,Helm,kerpler-new,kepler,latest,kepler-0.0.0-dev,192.168.4.121:28282,kubernetes-service-endpoints,kepler,sm-gpu,sm-gpu,/host/sys/class/powercap/intel-rapl:0,kepler-kerpler-new,package,1768487423.23,15.081352018181827,node,watts,Treatment
2026-01-15 14:30:53.230000019+00:00,kepler,Helm,kerpler-new,kepler,latest,kepler-0.0.0-dev,192.168.4.121:28282,kubernetes-service-endpoints,kepler,sm-gpu,sm-gpu,/host/sys/class/powercap/intel-rapl:0,kepler-kerpler-new,package,1768487453.23,15.725981181818298,node,watts,Treatment
2026-01-15 14:31:23.230000019+00:00,kepler,Helm,kerpler-new,kepler,latest,kepler-0.0.0-dev,192.168.4.121:28282,kubernetes-service-endpoints,kepler,sm-gpu,sm-gpu,/host/sys/class/powercap/intel-rapl:0,kepler-kerpler-new,package,1768487483.23,16.79083310909085,node,watts,Treatment
2026-01-15 14:31:53.230000019+00:00,kepler,Helm,kerpler-new,kepler,latest,kepler-0.0.0-dev,192.168.4.121:28282,kubernetes-service-endpoints,kepler,sm-gpu,sm-gpu,/host/sys/class/powercap/intel-rapl:0,kepler-kerpler-new,package,1768487513.23,17.3742937454545,node,watts,Treatment
2026-01-15 14:32:23.230000019+00:00,kepler,Helm,kerpler-new,kepler,latest,kepler-0.0.0-dev,192.168.4.121:28282,kubernetes-service-endpoints,kepler,sm-gpu,sm-gpu,/host/sys/class/powercap/intel-rapl:0,kepler-kerpler-new,package,1768487543.23,17.8312159272727,node,watts,Treatment
2026-01-15 14:32:53.230000019+00:00,kepler,Helm,kerpler-new,kepler,latest,kepler-0.0.0-dev,192.168.4.121:28282,kubernetes-service-endpoints,kepler,sm-gpu,sm-gpu,/host/sys/class/powercap/intel-rapl:0,kepler-kerpler-new,package,1768487573.23,16.219212945454505,node,watts,Treatment
2026-01-15 14:33:23.230000019+00:00,kepler,Helm,kerpler-new,kepler,latest,kepler-0.0.0-dev,192.168.4.121:28282,kubernetes-service-endpoints,kepler,sm-gpu,sm-gpu,/host/sys/class/powercap/intel-rapl:0,kepler-kerpler-new,package,1768487603.23,15.950362545454647,node,watts,Treatment
2026-01-15 14:33:53.230000019+00:00,kepler,Helm,kerpler-new,kepler,latest,kepler-0.0.0-dev,192.168.4.121:28282,kubernetes-service-endpoints,kepler,sm-gpu,sm-gpu,/host/sys/class/powercap/intel-rapl:0,kepler-kerpler-new,package,1768487633.23,18.160772909090817,node,watts,Treatment
2026-01-15 14:34:23.230000019+00:00,kepler,Helm,kerpler-new,kepler,latest,kepler-0.0.0-dev,192.168.4.121:28282,kubernetes-service-endpoints,kepler,sm-gpu,sm-gpu,/host/sys/class/powercap/intel-rapl:0,kepler-kerpler-new,package,1768487663.23,19.24210487272728,node,watts,Treatment
2026-01-15 14:34:53.230000019+00:00,kepler,Helm,kerpler-new,kepler,latest,kepler-0.0.0-dev,192.168.4.121:28282,kubernetes-service-endpoints,kepler,sm-gpu,sm-gpu,/host/sys/class/powercap/intel-rapl:0,kepler-kerpler-new,package,1768487693.23,17.695674672727314,node,watts,Treatment
2026-01-15 14:35:23.230000019+00:00,kepler,Helm,kerpler-new,kepler,latest,kepler-0.0.0-dev,192.168.4.121:28282,kubernetes-service-endpoints,kepler,sm-gpu,sm-gpu,/host/sys/class/powercap/intel-rapl:0,kepler-kerpler-new,package,1768487723.23,17.56977203636369,node,watts,Treatment
2026-01-15 14:35:53.230000019+00:00,kepler,Helm,kerpler-new,kepler,latest,kepler-0.0.0-dev,192.168.4.121:28282,kubernetes-service-endpoints,kepler,sm-gpu,sm-gpu,/host/sys/class/powercap/intel-rapl:0,kepler-kerpler-new,package,1768487753.23,17.758587836363716,node,watts,Treatment
2026-01-15 14:36:23.230000019+00:00,kepler,Helm,kerpler-new,kepler,latest,kepler-0.0.0-dev,192.168.4.121:28282,kubernetes-service-endpoints,kepler,sm-gpu,sm-gpu,/host/sys/class/powercap/intel-rapl:0,kepler-kerpler-new,package,1768487783.23,16.89142298181819,node,watts,Treatment
2026-01-15 14:36:53.230000019+00:00,kepler,Helm,kerpler-new,kepler,latest,kepler-0.0.0-dev,192.168.4.121:28282,kubernetes-service-endpoints,kepler,sm-gpu,sm-gpu,/host/sys/class/powercap/intel-rapl:0,kepler-kerpler-new,package,1768487813.23,17.89096127272727,node,watts,Treatment
2026-01-15 14:37:23.230000019+00:00,kepler,Helm,kerpler-new,kepler,latest,kepler-0.0.0-dev,192.168.4.121:28282,kubernetes-service-endpoints,kepler,sm-gpu,sm-gpu,/host/sys/class/powercap/intel-rapl:0,kepler-kerpler-new,package,1768487843.23,18.172245818181814,node,watts,Treatment
2026-01-15 14:37:53.230000019+00:00,kepler,Helm,kerpler-new,kepler,latest,kepler-0.0.0-dev,192.168.4.121:28282,kubernetes-service-endpoints,kepler,sm-gpu,sm-gpu,/host/sys/class/powercap/intel-rapl:0,kepler-kerpler-new,package,1768487873.23,18.143584072727272,node,watts,Treatment
2026-01-15 14:13:53.230000019+00:00,kepler,Helm,kerpler-new,kepler,latest,kepler-0.0.0-dev,192.168.4.121:28282,kubernetes-service-endpoints,kepler,sm-gpu,sm-gpu,/host/sys/class/powercap/intel-rapl:0:0,kepler-kerpler-new,core,1768486433.23,1.0302376363636787,node,watts,NoTreatment
2026-01-15 14:14:23.230000019+00:00,kepler,Helm,kerpler-new,kepler,latest,kepler-0.0.0-dev,192.168.4.121:28282,kubernetes-service-endpoints,kepler,sm-gpu,sm-gpu,/host/sys/class/powercap/intel-rapl:0:0,kepler-kerpler-new,core,1768486463.23,0.7734588181818253,node,watts,Treatment
2026-01-15 14:14:53.230000019+00:00,kepler,Helm,kerpler-new,kepler,latest,kepler-0.0.0-dev,192.168.4.121:28282,kubernetes-service-endpoints,kepler,sm-gpu,sm-gpu,/host/sys/class/powercap/intel-rapl:0:0,kepler-kerpler-new,core,1768486493.23,1.8549888545454118,node,watts,Treatment
2026-01-15 14:15:23.230000019+00:00,kepler,Helm,kerpler-new,kepler,latest,kepler-0.0.0-dev,192.168.4.121:28282,kubernetes-service-endpoints,kepler,sm-gpu,sm-gpu,/host/sys/class/powercap/intel-rapl:0:0,kepler-kerpler-new,core,1768486523.23,1.224757727272729,node,watts,Treatment
2026-01-15 14:15:53.230000019+00:00,kepler,Helm,kerpler-new,kepler,latest,kepler-0.0.0-dev,192.168.4.121:28282,kubernetes-service-endpoints,kepler,sm-gpu,sm-gpu,/host/sys/class/powercap/intel-rapl:0:0,kepler-kerpler-new,core,1768486553.23,0.25230434545453384,node,watts,Treatment
2026-01-15 14:16:23.230000019+00:00,kepler,Helm,kerpler-new,kepler,latest,kepler-0.0.0-dev,192.168.4.121:28282,kubernetes-service-endpoints,kepler,sm-gpu,sm-gpu,/host/sys/class/powercap/intel-rapl:0:0,kepler-kerpler-new,core,1768486583.23,0.2098973636363305,node,watts,Treatment
2026-01-15 14:16:53.230000019+00:00,kepler,Helm,kerpler-new,kepler,latest,kepler-0.0.0-dev,192.168.4.121:28282,kubernetes-service-endpoints,kepler,sm-gpu,sm-gpu,/host/sys/class/powercap/intel-rapl:0:0,kepler-kerpler-new,core,1768486613.23,0.20644989090916085,node,watts,Treatment
2026-01-15 14:17:23.230000019+00:00,kepler,Helm,kerpler-new,kepler,latest,kepler-0.0.0-dev,192.168.4.121:28282,kubernetes-service-endpoints,kepler,sm-gpu,sm-gpu,/host/sys/class/powercap/intel-rapl:0:0,kepler-kerpler-new,core,1768486643.23,0.17798512727273522,node,watts,Treatment
2026-01-15 14:17:53.230000019+00:00,kepler,Helm,kerpler-new,kepler,latest,kepler-0.0.0-dev,192.168.4.121:28282,kubernetes-service-endpoints,kepler,sm-gpu,sm-gpu,/host/sys/class/powercap/intel-rapl:0:0,kepler-kerpler-new,core,1768486673.23,0.1826027454545097,node,watts,Treatment
2026-01-15 14:18:23.230000019+00:00,kepler,Helm,kerpler-new,kepler,latest,kepler-0.0.0-dev,192.168.4.121:28282,kubernetes-service-endpoints,kepler,sm-gpu,sm-gpu,/host/sys/class/powercap/intel-rapl:0:0,kepler-kerpler-new,core,1768486703.23,0.7687008181818369,node,watts,Treatment
2026-01-15 14:18:53.230000019+00:00,kepler,Helm,kerpler-new,kepler,latest,kepler-0.0.0-dev,192.168.4.121:28282,kubernetes-service-endpoints,kepler,sm-gpu,sm-gpu,/host/sys/class/powercap/intel-rapl:0:0,kepler-kerpler-new,core,1768486733.23,0.35125747272726254,node,watts,Treatment
2026-01-15 14:19:23.230000019+00:00,kepler,Helm,kerpler-new,kepler,latest,kepler-0.0.0-dev,192.168.4.121:28282,kubernetes-service-endpoints,kepler,sm-gpu,sm-gpu,/host/sys/class/powercap/intel-rapl:0:0,kepler-kerpler-new,core,1768486763.23,0.26330230909079544,node,watts,Treatment
2026-01-15 14:19:53.230000019+00:00,kepler,Helm,kerpler-new,kepler,latest,kepler-0.0.0-dev,192.168.4.121:28282,kubernetes-service-endpoints,kepler,sm-gpu,sm-gpu,/host/sys/class/powercap/intel-rapl:0:0,kepler-kerpler-new,core,1768486793.23,1.2169836363636104,node,watts,Treatment
2026-01-15 14:20:23.230000019+00:00,kepler,Helm,kerpler-new,kepler,latest,kepler-0.0.0-dev,192.168.4.121:28282,kubernetes-service-endpoints,kepler,sm-gpu,sm-gpu,/host/sys/class/powercap/intel-rapl:0:0,kepler-kerpler-new,core,1768486823.23,1.1853696181818536,node,watts,Treatment
2026-01-15 14:20:53.230000019+00:00,kepler,Helm,kerpler-new,kepler,latest,kepler-0.0.0-dev,192.168.4.121:28282,kubernetes-service-endpoints,kepler,sm-gpu,sm-gpu,/host/sys/class/powercap/intel-rapl:0:0,kepler-kerpler-new,core,1768486853.23,0.1794004981456475,node,watts,Treatment
2026-01-15 14:21:23.230000019+00:00,kepler,Helm,kerpler-new,kepler,latest,kepler-0.0.0-dev,192.168.4.121:28282,kubernetes-service-endpoints,kepler,sm-gpu,sm-gpu,/host/sys/class/powercap/intel-rapl:0:0,kepler-kerpler-new,core,1768486883.23,0.16561254545456242,node,watts,Treatment
2026-01-15 14:21:53.230000019+00:00,kepler,Helm,kerpler-new,kepler,latest,kepler-0.0.0-dev,192.168.4.121:28282,kubernetes-service-endpoints,kepler,sm-gpu,sm-gpu,/host/sys/class/powercap/intel-rapl:0:0,kepler-kerpler-new,core,1768486913.23,0.16300870909088355,node,watts,Treatment
2026-01-15 14:22:23.230000019+00:00,kepler,Helm,kerpler-new,kepler,latest,kepler-0.0.0-dev,192.168.4.121:28282,kubernetes-service-endpoints,kepler,sm-gpu,sm-gpu,/host/sys/class/powercap/intel-rapl:0:0,kepler-kerpler-new,core,1768486943.23,0.20200567272721937,node,watts,Treatment
2026-01-15 14:22:53.230000019+00:00,kepler,Helm,kerpler-new,kepler,latest,kepler-0.0.0-dev,192.168.4.121:28282,kubernetes-service-endpoints,kepler,sm-gpu,sm-gpu,/host/sys/class/powercap/intel-rapl:0:0,kepler-kerpler-new,core,1768486973.23,0.23131821818176168,node,watts,Treatment
2026-01-15 14:23:23.230000019+00:00,kepler,Helm,kerpler-new,kepler,latest,kepler-0.0.0-dev,192.168.4.121:28282,kubernetes-service-endpoints,kepler,sm-gpu,sm-gpu,/host/sys/class/powercap/intel-rapl:0:0,kepler-kerpler-new,core,1768487003.23,1.3665528971147394,node,watts,Treatment
2026-01-15 14:23:53.230000019+00:00,kepler,Helm,kerpler-new,kepler,latest,kepler-0.0.0-dev,192.168.4.121:28282,kubernetes-service-endpoints,kepler,sm-gpu,sm-gpu,/host/sys/class/powercap/intel-rapl:0:0,kepler-kerpler-new,core,1768487033.23,1.6453392181819335,node,watts,Treatment
2026-01-15 14:24:23.230000019+00:00,kepler,Helm,kerpler-new,kepler,latest,kepler-0.0.0-dev,192.168.4.121:28282,kubernetes-service-endpoints,kepler,sm-gpu,sm-gpu,/host/sys/class/powercap/intel-rapl:0:0,kepler-kerpler-new,core,1768487063.23,0.28772758181810126,node,watts,Treatment
2026-01-15 14:24:53.230000019+00:00,kepler,Helm,kerpler-new,kepler,latest,kepler-0.0.0-dev,192.168.4.121:28282,kubernetes-service-endpoints,kepler,sm-gpu,sm-gpu,/host/sys/class/powercap/intel-rapl:0:0,kepler-kerpler-new,core,1768487093.23,1.559825618181838,node,watts,Treatment
2026-01-15 14:25:23.230000019+00:00,kepler,Helm,kerpler-new,kepler,latest,kepler-0.0.0-dev,192.168.4.121:28282,kubernetes-service-endpoints,kepler,sm-gpu,sm-gpu,/host/sys/class/powercap/intel-rapl:0:0,kepler-kerpler-new,core,1768487123.23,3.115216145454509,node,watts,Treatment
2026-01-15 14:25:53.230000019+00:00,kepler,Helm,kerpler-new,kepler,latest,kepler-0.0.0-dev,192.168.4.121:28282,kubernetes-service-endpoints,kepler,sm-gpu,sm-gpu,/host/sys/class/powercap/intel-rapl:0:0,kepler-kerpler-new,core,1768487153.23,3.526126290908988,node,watts,Treatment
2026-01-15 14:26:23.230000019+00:00,kepler,Helm,kerpler-new,kepler,latest,kepler-0.0.0-dev,192.168.4.121:28282,kubernetes-service-endpoints,kepler,sm-gpu,sm-gpu,/host/sys/class/powercap/intel-rapl:0:0,kepler-kerpler-new,core,1768487183.23,1.8393164000000317,node,watts,Treatment
2026-01-15 14:26:53.230000019+00:00,kepler,Helm,kerpler-new,kepler,latest,kepler-0.0.0-dev,192.168.4.121:28282,kubernetes-service-endpoints,kepler,sm-gpu,sm-gpu,/host/sys/class/powercap/intel-rapl:0:0,kepler-kerpler-new,core,1768487213.23,0.15972296363642355,node,watts,Treatment
2026-01-15 14:27:23.230000019+00:00,kepler,Helm,kerpler-new,kepler,latest,kepler-0.0.0-dev,192.168.4.121:28282,kubernetes-service-endpoints,kepler,sm-gpu,sm-gpu,/host/sys/class/powercap/intel-rapl:0:0,kepler-kerpler-new,core,1768487243.23,0.14195309999995517,node,watts,Treatment
2026-01-15 14:27:53.230000019+00:00,kepler,Helm,kerpler-new,kepler,latest,kepler-0.0.0-dev,192.168.4.121:28282,kubernetes-service-endpoints,kepler,sm-gpu,sm-gpu,/host/sys/class/powercap/intel-rapl:0:0,kepler-kerpler-new,core,1768487273.23,0.2324348181818178,node,watts,Treatment
2026-01-15 14:28:23.230000019+00:00,kepler,Helm,kerpler-new,kepler,latest,kepler-0.0.0-dev,192.168.4.121:28282,kubernetes-service-endpoints,kepler,sm-gpu,sm-gpu,/host/sys/class/powercap/intel-rapl:0:0,kepler-kerpler-new,core,1768487303.23,0.2460450514367784,node,watts,Treatment
2026-01-15 14:28:53.230000019+00:00,kepler,Helm,kerpler-new,kepler,latest,kepler-0.0.0-dev,192.168.4.121:28282,kubernetes-service-endpoints,kepler,sm-gpu,sm-gpu,/host/sys/class/powercap/intel-rapl:0:0,kepler-kerpler-new,core,1768487333.23,0.22042345454538007,node,watts,Treatment
2026-01-15 14:29:23.230000019+00:00,kepler,Helm,kerpler-new,kepler,latest,kepler-0.0.0-dev,192.168.4.121:28282,kubernetes-service-endpoints,kepler,sm-gpu,sm-gpu,/host/sys/class/powercap/intel-rapl:0:0,kepler-kerpler-new,core,1768487363.23,0.19224780313207057,node,watts,Treatment
2026-01-15 14:29:53.230000019+00:00,kepler,Helm,kerpler-new,kepler,latest,kepler-0.0.0-dev,192.168.4.121:28282,kubernetes-service-endpoints,kepler,sm-gpu,sm-gpu,/host/sys/class/powercap/intel-rapl:0:0,kepler-kerpler-new,core,1768487393.23,0.6100514545454644,node,watts,Treatment
2026-01-15 14:30:23.230000019+00:00,kepler,Helm,kerpler-new,kepler,latest,kepler-0.0.0-dev,192.168.4.121:28282,kubernetes-service-endpoints,kepler,sm-gpu,sm-gpu,/host/sys/class/powercap/intel-rapl:0:0,kepler-kerpler-new,core,1768487423.23,1.826829527272705,node,watts,Treatment
2026-01-15 14:30:53.230000019+00:00,kepler,Helm,kerpler-new,kepler,latest,kepler-0.0.0-dev,192.168.4.121:28282,kubernetes-service-endpoints,kepler,sm-gpu,sm-gpu,/host/sys/class/powercap/intel-rapl:0:0,kepler-kerpler-new,core,1768487453.23,2.262969745454558,node,watts,Treatment
2026-01-15 14:31:23.230000019+00:00,kepler,Helm,kerpler-new,kepler,latest,kepler-0.0.0-dev,192.168.4.121:28282,kubernetes-service-endpoints,kepler,sm-gpu,sm-gpu,/host/sys/class/powercap/intel-rapl:0:0,kepler-kerpler-new,core,1768487483.23,1.7594135818182786,node,watts,Treatment
2026-01-15 14:31:53.230000019+00:00,kepler,Helm,kerpler-new,kepler,latest,kepler-0.0.0-dev,192.168.4.121:28282,kubernetes-service-endpoints,kepler,sm-gpu,sm-gpu,/host/sys/class/powercap/intel-rapl:0:0,kepler-kerpler-new,core,1768487513.23,0.30058010909097815,node,watts,Treatment
2026-01-15 14:32:23.230000019+00:00,kepler,Helm,kerpler-new,kepler,latest,kepler-0.0.0-dev,192.168.4.121:28282,kubernetes-service-endpoints,kepler,sm-gpu,sm-gpu,/host/sys/class/powercap/intel-rapl:0:0,kepler-kerpler-new,core,1768487543.23,0.4809995818182043,node,watts,Treatment
2026-01-15 14:32:53.230000019+00:00,kepler,Helm,kerpler-new,kepler,latest,kepler-0.0.0-dev,192.168.4.121:28282,kubernetes-service-endpoints,kepler,sm-gpu,sm-gpu,/host/sys/class/powercap/intel-rapl:0:0,kepler-kerpler-new,core,1768487573.23,0.34218229090911334,node,watts,Treatment
2026-01-15 14:33:23.230000019+00:00,kepler,Helm,kerpler-new,kepler,latest,kepler-0.0.0-dev,192.168.4.121:28282,kubernetes-service-endpoints,kepler,sm-gpu,sm-gpu,/host/sys/class/powercap/intel-rapl:0:0,kepler-kerpler-new,core,1768487603.23,0.24400094545456918,node,watts,Treatment
2026-01-15 14:33:53.230000019+00:00,kepler,Helm,kerpler-new,kepler,latest,kepler-0.0.0-dev,192.168.4.121:28282,kubernetes-service-endpoints,kepler,sm-gpu,sm-gpu,/host/sys/class/powercap/intel-rapl:0:0,kepler-kerpler-new,core,1768487633.23,0.5060226909091315,node,watts,Treatment
2026-01-15 14:34:23.230000019+00:00,kepler,Helm,kerpler-new,kepler,latest,kepler-0.0.0-dev,192.168.4.121:28282,kubernetes-service-endpoints,kepler,sm-gpu,sm-gpu,/host/sys/class/powercap/intel-rapl:0:0,kepler-kerpler-new,core,1768487663.23,0.7973162181818307,node,watts,Treatment
2026-01-15 14:34:53.230000019+00:00,kepler,Helm,kerpler-new,kepler,latest,kepler-0.0.0-dev,192.168.4.121:28282,kubernetes-service-endpoints,kepler,sm-gpu,sm-gpu,/host/sys/class/powercap/intel-rapl:0:0,kepler-kerpler-new,core,1768487693.23,0.4207954000000344,node,watts,Treatment
2026-01-15 14:35:23.230000019+00:00,kepler,Helm,kerpler-new,kepler,latest,kepler-0.0.0-dev,192.168.4.121:28282,kubernetes-service-endpoints,kepler,sm-gpu,sm-gpu,/host/sys/class/powercap/intel-rapl:0:0,kepler-kerpler-new,core,1768487723.23,0.4892380545454216,node,watts,Treatment
2026-01-15 14:35:53.230000019+00:00,kepler,Helm,kerpler-new,kepler,latest,kepler-0.0.0-dev,192.168.4.121:28282,kubernetes-service-endpoints,kepler,sm-gpu,sm-gpu,/host/sys/class/powercap/intel-rapl:0:0,kepler-kerpler-new,core,1768487753.23,0.7224177636363575,node,watts,Treatment
2026-01-15 14:36:23.230000019+00:00,kepler,Helm,kerpler-new,kepler,latest,kepler-0.0.0-dev,192.168.4.121:28282,kubernetes-service-endpoints,kepler,sm-gpu,sm-gpu,/host/sys/class/powercap/intel-rapl:0:0,kepler-kerpler-new,core,1768487783.23,0.43602841818183974,node,watts,Treatment
2026-01-15 14:36:53.230000019+00:00,kepler,Helm,kerpler-new,kepler,latest,kepler-0.0.0-dev,192.168.4.121:28282,kubernetes-service-endpoints,kepler,sm-gpu,sm-gpu,/host/sys/class/powercap/intel-rapl:0:0,kepler-kerpler-new,core,1768487813.23,0.3586933818181437,node,watts,Treatment
2026-01-15 14:37:23.230000019+00:00,kepler,Helm,kerpler-new,kepler,latest,kepler-0.0.0-dev,192.168.4.121:28282,kubernetes-service-endpoints,kepler,sm-gpu,sm-gpu,/host/sys/class/powercap/intel-rapl:0:0,kepler-kerpler-new,core,1768487843.23,0.35575998181818497,node,watts,Treatment
2026-01-15 14:37:53.230000019+00:00,kepler,Helm,kerpler-new,kepler,latest,kepler-0.0.0-dev,192.168.4.121:28282,kubernetes-service-endpoints,kepler,sm-gpu,sm-gpu,/host/sys/class/powercap/intel-rapl:0:0,kepler-kerpler-new,core,1768487873.23,0.30626967272731814,node,watts,Treatment
2026-01-15 14:13:53.230000019+00:00,kepler,Helm,kerpler-new,kepler,latest,kepler-0.0.0-dev,192.168.6.106:28282,kubernetes-service-endpoints,kepler,gisele,gisele,/host/sys/class/powercap/intel-rapl:0,kepler-kerpler-new,package,1768486433.23,19.9345359272727,node,watts,NoTreatment
2026-01-15 14:14:23.230000019+00:00,kepler,Helm,kerpler-new,kepler,latest,kepler-0.0.0-dev,192.168.6.106:28282,kubernetes-service-endpoints,kepler,gisele,gisele,/host/sys/class/powercap/intel-rapl:0,kepler-kerpler-new,package,1768486463.23,19.947476454545406,node,watts,Treatment
2026-01-15 14:14:53.230000019+00:00,kepler,Helm,kerpler-new,kepler,latest,kepler-0.0.0-dev,192.168.6.106:28282,kubernetes-service-endpoints,kepler,gisele,gisele,/host/sys/class/powercap/intel-rapl:0,kepler-kerpler-new,package,1768486493.23,18.510088890909074,node,watts,Treatment
2026-01-15 14:15:23.230000019+00:00,kepler,Helm,kerpler-new,kepler,latest,kepler-0.0.0-dev,192.168.6.106:28282,kubernetes-service-endpoints,kepler,gisele,gisele,/host/sys/class/powercap/intel-rapl:0,kepler-kerpler-new,package,1768486523.23,18.21626750909087,node,watts,Treatment
2026-01-15 14:15:53.230000019+00:00,kepler,Helm,kerpler-new,kepler,latest,kepler-0.0.0-dev,192.168.6.106:28282,kubernetes-service-endpoints,kepler,gisele,gisele,/host/sys/class/powercap/intel-rapl:0,kepler-kerpler-new,package,1768486553.23,20.332713836363638,node,watts,Treatment
2026-01-15 14:16:23.230000019+00:00,kepler,Helm,kerpler-new,kepler,latest,kepler-0.0.0-dev,192.168.6.106:28282,kubernetes-service-endpoints,kepler,gisele,gisele,/host/sys/class/powercap/intel-rapl:0,kepler-kerpler-new,package,1768486583.23,22.613711636363654,node,watts,Treatment
2026-01-15 14:16:53.230000019+00:00,kepler,Helm,kerpler-new,kepler,latest,kepler-0.0.0-dev,192.168.6.106:28282,kubernetes-service-endpoints,kepler,gisele,gisele,/host/sys/class/powercap/intel-rapl:0,kepler-kerpler-new,package,1768486613.23,23.252801363636337,node,watts,Treatment
2026-01-15 14:17:23.230000019+00:00,kepler,Helm,kerpler-new,kepler,latest,kepler-0.0.0-dev,192.168.6.106:28282,kubernetes-service-endpoints,kepler,gisele,gisele,/host/sys/class/powercap/intel-rapl:0,kepler-kerpler-new,package,1768486643.23,23.251683854545394,node,watts,Treatment
2026-01-15 14:17:53.230000019+00:00,kepler,Helm,kerpler-new,kepler,latest,kepler-0.0.0-dev,192.168.6.106:28282,kubernetes-service-endpoints,kepler,gisele,gisele,/host/sys/class/powercap/intel-rapl:0,kepler-kerpler-new,package,1768486673.23,20.907029872727236,node,watts,Treatment
2026-01-15 14:18:23.230000019+00:00,kepler,Helm,kerpler-new,kepler,latest,kepler-0.0.0-dev,192.168.6.106:28282,kubernetes-service-endpoints,kepler,gisele,gisele,/host/sys/class/powercap/intel-rapl:0,kepler-kerpler-new,package,1768486703.23,18.6712168363636,node,watts,Treatment
2026-01-15 14:18:53.230000019+00:00,kepler,Helm,kerpler-new,kepler,latest,kepler-0.0.0-dev,192.168.6.106:28282,kubernetes-service-endpoints,kepler,gisele,gisele,/host/sys/class/powercap/intel-rapl:0,kepler-kerpler-new,package,1768486733.23,18.454082072727232,node,watts,Treatment
2026-01-15 14:19:23.230000019+00:00,kepler,Helm,kerpler-new,kepler,latest,kepler-0.0.0-dev,192.168.6.106:28282,kubernetes-service-endpoints,kepler,gisele,gisele,/host/sys/class/powercap/intel-rapl:0,kepler-kerpler-new,package,1768486763.23,20.62211740000004,node,watts,Treatment
2026-01-15 14:19:53.230000019+00:00,kepler,Helm,kerpler-new,kepler,latest,kepler-0.0.0-dev,192.168.6.106:28282,kubernetes-service-endpoints,kepler,gisele,gisele,/host/sys/class/powercap/intel-rapl:0,kepler-kerpler-new,package,1768486793.23,22.55238699999999,node,watts,Treatment
2026-01-15 14:20:23.230000019+00:00,kepler,Helm,kerpler-new,kepler,latest,kepler-0.0.0-dev,192.168.6.106:28282,kubernetes-service-endpoints,kepler,gisele,gisele,/host/sys/class/powercap/intel-rapl:0,kepler-kerpler-new,package,1768486823.23,23.207655436363645,node,watts,Treatment
2026-01-15 14:20:53.230000019+00:00,kepler,Helm,kerpler-new,kepler,latest,kepler-0.0.0-dev,192.168.6.106:28282,kubernetes-service-endpoints,kepler,gisele,gisele,/host/sys/class/powercap/intel-rapl:0,kepler-kerpler-new,package,1768486853.23,23.118670836363624,node,watts,Treatment
2026-01-15 14:21:23.230000019+00:00,kepler,Helm,kerpler-new,kepler,latest,kepler-0.0.0-dev,192.168.6.106:28282,kubernetes-service-endpoints,kepler,gisele,gisele,/host/sys/class/powercap/intel-rapl:0,kepler-kerpler-new,package,1768486883.23,20.76483054545454,node,watts,Treatment
2026-01-15 14:21:53.230000019+00:00,kepler,Helm,kerpler-new,kepler,latest,kepler-0.0.0-dev,192.168.6.106:28282,kubernetes-service-endpoints,kepler,gisele,gisele,/host/sys/class/powercap/intel-rapl:0,kepler-kerpler-new,package,1768486913.23,18.885192254545505,node,watts,Treatment
2026-01-15 14:22:23.230000019+00:00,kepler,Helm,kerpler-new,kepler,latest,kepler-0.0.0-dev,192.168.6.106:28282,kubernetes-service-endpoints,kepler,gisele,gisele,/host/sys/class/powercap/intel-rapl:0,kepler-kerpler-new,package,1768486943.23,18.697743256761427,node,watts,Treatment
2026-01-15 14:22:53.230000019+00:00,kepler,Helm,kerpler-new,kepler,latest,kepler-0.0.0-dev,192.168.6.106:28282,kubernetes-service-endpoints,kepler,gisele,gisele,/host/sys/class/powercap/intel-rapl:0,kepler-kerpler-new,package,1768486973.23,20.359198581818188,node,watts,Treatment
2026-01-15 14:23:23.230000019+00:00,kepler,Helm,kerpler-new,kepler,latest,kepler-0.0.0-dev,192.168.6.106:28282,kubernetes-service-endpoints,kepler,gisele,gisele,/host/sys/class/powercap/intel-rapl:0,kepler-kerpler-new,package,1768487003.23,22.630811418181835,node,watts,Treatment
2026-01-15 14:23:53.230000019+00:00,kepler,Helm,kerpler-new,kepler,latest,kepler-0.0.0-dev,192.168.6.106:28282,kubernetes-service-endpoints,kepler,gisele,gisele,/host/sys/class/powercap/intel-rapl:0,kepler-kerpler-new,package,1768487033.23,23.778782109090915,node,watts,Treatment
2026-01-15 14:24:23.230000019+00:00,kepler,Helm,kerpler-new,kepler,latest,kepler-0.0.0-dev,192.168.6.106:28282,kubernetes-service-endpoints,kepler,gisele,gisele,/host/sys/class/powercap/intel-rapl:0,kepler-kerpler-new,package,1768487063.23,24.07015876363644,node,watts,Treatment
2026-01-15 14:24:53.230000019+00:00,kepler,Helm,kerpler-new,kepler,latest,kepler-0.0.0-dev,192.168.6.106:28282,kubernetes-service-endpoints,kepler,gisele,gisele,/host/sys/class/powercap/intel-rapl:0,kepler-kerpler-new,package,1768487093.23,21.414140854545455,node,watts,Treatment
2026-01-15 14:25:23.230000019+00:00,kepler,Helm,kerpler-new,kepler,latest,kepler-0.0.0-dev,192.168.6.106:28282,kubernetes-service-endpoints,kepler,gisele,gisele,/host/sys/class/powercap/intel-rapl:0,kepler-kerpler-new,package,1768487123.23,19.297269490909027,node,watts,Treatment
2026-01-15 14:25:53.230000019+00:00,kepler,Helm,kerpler-new,kepler,latest,kepler-0.0.0-dev,192.168.6.106:28282,kubernetes-service-endpoints,kepler,gisele,gisele,/host/sys/class/powercap/intel-rapl:0,kepler-kerpler-new,package,1768487153.23,20.362018399999943,node,watts,Treatment
2026-01-15 14:26:23.230000019+00:00,kepler,Helm,kerpler-new,kepler,latest,kepler-0.0.0-dev,192.168.6.106:28282,kubernetes-service-endpoints,kepler,gisele,gisele,/host/sys/class/powercap/intel-rapl:0,kepler-kerpler-new,package,1768487183.23,22.23203536363633,node,watts,Treatment
2026-01-15 14:26:53.230000019+00:00,kepler,Helm,kerpler-new,kepler,latest,kepler-0.0.0-dev,192.168.6.106:28282,kubernetes-service-endpoints,kepler,gisele,gisele,/host/sys/class/powercap/intel-rapl:0,kepler-kerpler-new,package,1768487213.23,24.08229141818182,node,watts,Treatment
2026-01-15 14:27:23.230000019+00:00,kepler,Helm,kerpler-new,kepler,latest,kepler-0.0.0-dev,192.168.6.106:28282,kubernetes-service-endpoints,kepler,gisele,gisele,/host/sys/class/powercap/intel-rapl:0,kepler-kerpler-new,package,1768487243.23,22.833789436363706,node,watts,Treatment
2026-01-15 14:27:53.230000019+00:00,kepler,Helm,kerpler-new,kepler,latest,kepler-0.0.0-dev,192.168.6.106:28282,kubernetes-service-endpoints,kepler,gisele,gisele,/host/sys/class/powercap/intel-rapl:0,kepler-kerpler-new,package,1768487273.23,19.23878574545458,node,watts,Treatment
2026-01-15 14:28:23.230000019+00:00,kepler,Helm,kerpler-new,kepler,latest,kepler-0.0.0-dev,192.168.6.106:28282,kubernetes-service-endpoints,kepler,gisele,gisele,/host/sys/class/powercap/intel-rapl:0,kepler-kerpler-new,package,1768487303.23,14.976069773501152,node,watts,Treatment
2026-01-15 14:28:53.230000019+00:00,kepler,Helm,kerpler-new,kepler,latest,kepler-0.0.0-dev,192.168.6.106:28282,kubernetes-service-endpoints,kepler,gisele,gisele,/host/sys/class/powercap/intel-rapl:0,kepler-kerpler-new,package,1768487333.23,23.920767290909133,node,watts,Treatment
2026-01-15 14:29:23.230000019+00:00,kepler,Helm,kerpler-new,kepler,latest,kepler-0.0.0-dev,192.168.6.106:28282,kubernetes-service-endpoints,kepler,gisele,gisele,/host/sys/class/powercap/intel-rapl:0,kepler-kerpler-new,package,1768487363.23,25.05208999013351,node,watts,Treatment
2026-01-15 14:29:53.230000019+00:00,kepler,Helm,kerpler-new,kepler,latest,kepler-0.0.0-dev,192.168.6.106:28282,kubernetes-service-endpoints,kepler,gisele,gisele,/host/sys/class/powercap/intel-rapl:0,kepler-kerpler-new,package,1768487393.23,24.045032327272665,node,watts,Treatment
2026-01-15 14:30:23.230000019+00:00,kepler,Helm,kerpler-new,kepler,latest,kepler-0.0.0-dev,192.168.6.106:28282,kubernetes-service-endpoints,kepler,gisele,gisele,/host/sys/class/powercap/intel-rapl:0,kepler-kerpler-new,package,1768487423.23,19.10668270909095,node,watts,Treatment
2026-01-15 14:30:53.230000019+00:00,kepler,Helm,kerpler-new,kepler,latest,kepler-0.0.0-dev,192.168.6.106:28282,kubernetes-service-endpoints,kepler,gisele,gisele,/host/sys/class/powercap/intel-rapl:0,kepler-kerpler-new,package,1768487453.23,19.372068436363637,node,watts,Treatment
2026-01-15 14:31:23.230000019+00:00,kepler,Helm,kerpler-new,kepler,latest,kepler-0.0.0-dev,192.168.6.106:28282,kubernetes-service-endpoints,kepler,gisele,gisele,/host/sys/class/powercap/intel-rapl:0,kepler-kerpler-new,package,1768487483.23,24.2369585454546,node,watts,Treatment
2026-01-15 14:31:53.230000019+00:00,kepler,Helm,kerpler-new,kepler,latest,kepler-0.0.0-dev,192.168.6.106:28282,kubernetes-service-endpoints,kepler,gisele,gisele,/host/sys/class/powercap/intel-rapl:0,kepler-kerpler-new,package,1768487513.23,24.80120383636359,node,watts,Treatment
2026-01-15 14:32:23.230000019+00:00,kepler,Helm,kerpler-new,kepler,latest,kepler-0.0.0-dev,192.168.6.106:28282,kubernetes-service-endpoints,kepler,gisele,gisele,/host/sys/class/powercap/intel-rapl:0,kepler-kerpler-new,package,1768487543.23,24.08065234545462,node,watts,Treatment
2026-01-15 14:32:53.230000019+00:00,kepler,Helm,kerpler-new,kepler,latest,kepler-0.0.0-dev,192.168.6.106:28282,kubernetes-service-endpoints,kepler,gisele,gisele,/host/sys/class/powercap/intel-rapl:0,kepler-kerpler-new,package,1768487573.23,21.919768090909134,node,watts,Treatment
2026-01-15 14:33:23.230000019+00:00,kepler,Helm,kerpler-new,kepler,latest,kepler-0.0.0-dev,192.168.6.106:28282,kubernetes-service-endpoints,kepler,gisele,gisele,/host/sys/class/powercap/intel-rapl:0,kepler-kerpler-new,package,1768487603.23,19.972681690909138,node,watts,Treatment
2026-01-15 14:33:53.230000019+00:00,kepler,Helm,kerpler-new,kepler,latest,kepler-0.0.0-dev,192.168.6.106:28282,kubernetes-service-endpoints,kepler,gisele,gisele,/host/sys/class/powercap/intel-rapl:0,kepler-kerpler-new,package,1768487633.23,20.748487581818136,node,watts,Treatment
2026-01-15 14:34:23.230000019+00:00,kepler,Helm,kerpler-new,kepler,latest,kepler-0.0.0-dev,192.168.6.106:28282,kubernetes-service-endpoints,kepler,gisele,gisele,/host/sys/class/powercap/intel-rapl:0,kepler-kerpler-new,package,1768487663.23,23.00479729090915,node,watts,Treatment
2026-01-15 14:34:53.230000019+00:00,kepler,Helm,kerpler-new,kepler,latest,kepler-0.0.0-dev,192.168.6.106:28282,kubernetes-service-endpoints,kepler,gisele,gisele,/host/sys/class/powercap/intel-rapl:0,kepler-kerpler-new,package,1768487693.23,25.634875345454464,node,watts,Treatment
2026-01-15 14:35:23.230000019+00:00,kepler,Helm,kerpler-new,kepler,latest,kepler-0.0.0-dev,192.168.6.106:28282,kubernetes-service-endpoints,kepler,gisele,gisele,/host/sys/class/powercap/intel-rapl:0,kepler-kerpler-new,package,1768487723.23,26.464879218181753,node,watts,Treatment
2026-01-15 14:35:53.230000019+00:00,kepler,Helm,kerpler-new,kepler,latest,kepler-0.0.0-dev,192.168.6.106:28282,kubernetes-service-endpoints,kepler,gisele,gisele,/host/sys/class/powercap/intel-rapl:0,kepler-kerpler-new,package,1768487753.23,24.93554740000003,node,watts,Treatment
2026-01-15 14:36:23.230000019+00:00,kepler,Helm,kerpler-new,kepler,latest,kepler-0.0.0-dev,192.168.6.106:28282,kubernetes-service-endpoints,kepler,gisele,gisele,/host/sys/class/powercap/intel-rapl:0,kepler-kerpler-new,package,1768487783.23,20.68434978181824,node,watts,Treatment
2026-01-15 14:36:53.230000019+00:00,kepler,Helm,kerpler-new,kepler,latest,kepler-0.0.0-dev,192.168.6.106:28282,kubernetes-service-endpoints,kepler,gisele,gisele,/host/sys/class/powercap/intel-rapl:0,kepler-kerpler-new,package,1768487813.23,20.088857927272723,node,watts,Treatment
2026-01-15 14:37:23.230000019+00:00,kepler,Helm,kerpler-new,kepler,latest,kepler-0.0.0-dev,192.168.6.106:28282,kubernetes-service-endpoints,kepler,gisele,gisele,/host/sys/class/powercap/intel-rapl:0,kepler-kerpler-new,package,1768487843.23,23.743011163636268,node,watts,Treatment
2026-01-15 14:37:53.230000019+00:00,kepler,Helm,kerpler-new,kepler,latest,kepler-0.0.0-dev,192.168.6.106:28282,kubernetes-service-endpoints,kepler,gisele,gisele,/host/sys/class/powercap/intel-rapl:0,kepler-kerpler-new,package,1768487873.23,25.432068236363623,node,watts,Treatment
2026-01-15 14:13:53.230000019+00:00,kepler,Helm,kerpler-new,kepler,latest,kepler-0.0.0-dev,192.168.6.106:28282,kubernetes-service-endpoints,kepler,gisele,gisele,/host/sys/class/powercap/intel-rapl:0:0,kepler-kerpler-new,core,1768486433.23,8.762553018181775,node,watts,NoTreatment
2026-01-15 14:14:23.230000019+00:00,kepler,Helm,kerpler-new,kepler,latest,kepler-0.0.0-dev,192.168.6.106:28282,kubernetes-service-endpoints,kepler,gisele,gisele,/host/sys/class/powercap/intel-rapl:0:0,kepler-kerpler-new,core,1768486463.23,8.77268150909063,node,watts,Treatment
2026-01-15 14:14:53.230000019+00:00,kepler,Helm,kerpler-new,kepler,latest,kepler-0.0.0-dev,192.168.6.106:28282,kubernetes-service-endpoints,kepler,gisele,gisele,/host/sys/class/powercap/intel-rapl:0:0,kepler-kerpler-new,core,1768486493.23,7.348036945454607,node,watts,Treatment
2026-01-15 14:15:23.230000019+00:00,kepler,Helm,kerpler-new,kepler,latest,kepler-0.0.0-dev,192.168.6.106:28282,kubernetes-service-endpoints,kepler,gisele,gisele,/host/sys/class/powercap/intel-rapl:0:0,kepler-kerpler-new,core,1768486523.23,7.058233890908939,node,watts,Treatment
2026-01-15 14:15:53.230000019+00:00,kepler,Helm,kerpler-new,kepler,latest,kepler-0.0.0-dev,192.168.6.106:28282,kubernetes-service-endpoints,kepler,gisele,gisele,/host/sys/class/powercap/intel-rapl:0:0,kepler-kerpler-new,core,1768486553.23,9.157187581818487,node,watts,Treatment
2026-01-15 14:16:23.230000019+00:00,kepler,Helm,kerpler-new,kepler,latest,kepler-0.0.0-dev,192.168.6.106:28282,kubernetes-service-endpoints,kepler,gisele,gisele,/host/sys/class/powercap/intel-rapl:0:0,kepler-kerpler-new,core,1768486583.23,11.425349181818522,node,watts,Treatment
2026-01-15 14:16:53.230000019+00:00,kepler,Helm,kerpler-new,kepler,latest,kepler-0.0.0-dev,192.168.6.106:28282,kubernetes-service-endpoints,kepler,gisele,gisele,/host/sys/class/powercap/intel-rapl:0:0,kepler-kerpler-new,core,1768486613.23,12.057262290908891,node,watts,Treatment
2026-01-15 14:17:23.230000019+00:00,kepler,Helm,kerpler-new,kepler,latest,kepler-0.0.0-dev,192.168.6.106:28282,kubernetes-service-endpoints,kepler,gisele,gisele,/host/sys/class/powercap/intel-rapl:0:0,kepler-kerpler-new,core,1768486643.23,12.053212890908947,node,watts,Treatment
2026-01-15 14:17:53.230000019+00:00,kepler,Helm,kerpler-new,kepler,latest,kepler-0.0.0-dev,192.168.6.106:28282,kubernetes-service-endpoints,kepler,gisele,gisele,/host/sys/class/powercap/intel-rapl:0:0,kepler-kerpler-new,core,1768486673.23,9.72493403636353,node,watts,Treatment
2026-01-15 14:18:23.230000019+00:00,kepler,Helm,kerpler-new,kepler,latest,kepler-0.0.0-dev,192.168.6.106:28282,kubernetes-service-endpoints,kepler,gisele,gisele,/host/sys/class/powercap/intel-rapl:0:0,kepler-kerpler-new,core,1768486703.23,7.508654436363774,node,watts,Treatment
2026-01-15 14:18:53.230000019+00:00,kepler,Helm,kerpler-new,kepler,latest,kepler-0.0.0-dev,192.168.6.106:28282,kubernetes-service-endpoints,kepler,gisele,gisele,/host/sys/class/powercap/intel-rapl:0:0,kepler-kerpler-new,core,1768486733.23,7.294620236363897,node,watts,Treatment
2026-01-15 14:19:23.230000019+00:00,kepler,Helm,kerpler-new,kepler,latest,kepler-0.0.0-dev,192.168.6.106:28282,kubernetes-service-endpoints,kepler,gisele,gisele,/host/sys/class/powercap/intel-rapl:0:0,kepler-kerpler-new,core,1768486763.23,9.44498647272756,node,watts,Treatment
2026-01-15 14:19:53.230000019+00:00,kepler,Helm,kerpler-new,kepler,latest,kepler-0.0.0-dev,192.168.6.106:28282,kubernetes-service-endpoints,kepler,gisele,gisele,/host/sys/class/powercap/intel-rapl:0:0,kepler-kerpler-new,core,1768486793.23,11.357662454545391,node,watts,Treatment
2026-01-15 14:20:23.230000019+00:00,kepler,Helm,kerpler-new,kepler,latest,kepler-0.0.0-dev,192.168.6.106:28282,kubernetes-service-endpoints,kepler,gisele,gisele,/host/sys/class/powercap/intel-rapl:0:0,kepler-kerpler-new,core,1768486823.23,12.005467981818153,node,watts,Treatment
2026-01-15 14:20:53.230000019+00:00,kepler,Helm,kerpler-new,kepler,latest,kepler-0.0.0-dev,192.168.6.106:28282,kubernetes-service-endpoints,kepler,gisele,gisele,/host/sys/class/powercap/intel-rapl:0:0,kepler-kerpler-new,core,1768486853.23,11.92125743636385,node,watts,Treatment
2026-01-15 14:21:23.230000019+00:00,kepler,Helm,kerpler-new,kepler,latest,kepler-0.0.0-dev,192.168.6.106:28282,kubernetes-service-endpoints,kepler,gisele,gisele,/host/sys/class/powercap/intel-rapl:0:0,kepler-kerpler-new,core,1768486883.23,9.588839309091087,node,watts,Treatment
2026-01-15 14:21:53.230000019+00:00,kepler,Helm,kerpler-new,kepler,latest,kepler-0.0.0-dev,192.168.6.106:28282,kubernetes-service-endpoints,kepler,gisele,gisele,/host/sys/class/powercap/intel-rapl:0:0,kepler-kerpler-new,core,1768486913.23,7.726380709090947,node,watts,Treatment
2026-01-15 14:22:23.230000019+00:00,kepler,Helm,kerpler-new,kepler,latest,kepler-0.0.0-dev,192.168.6.106:28282,kubernetes-service-endpoints,kepler,gisele,gisele,/host/sys/class/powercap/intel-rapl:0:0,kepler-kerpler-new,core,1768486943.23,7.540421818446251,node,watts,Treatment
2026-01-15 14:22:53.230000019+00:00,kepler,Helm,kerpler-new,kepler,latest,kepler-0.0.0-dev,192.168.6.106:28282,kubernetes-service-endpoints,kepler,gisele,gisele,/host/sys/class/powercap/intel-rapl:0:0,kepler-kerpler-new,core,1768486973.23,9.183645709091268,node,watts,Treatment
2026-01-15 14:23:23.230000019+00:00,kepler,Helm,kerpler-new,kepler,latest,kepler-0.0.0-dev,192.168.6.106:28282,kubernetes-service-endpoints,kepler,gisele,gisele,/host/sys/class/powercap/intel-rapl:0:0,kepler-kerpler-new,core,1768487003.23,11.433971745454155,node,watts,Treatment
2026-01-15 14:23:53.230000019+00:00,kepler,Helm,kerpler-new,kepler,latest,kepler-0.0.0-dev,192.168.6.106:28282,kubernetes-service-endpoints,kepler,gisele,gisele,/host/sys/class/powercap/intel-rapl:0:0,kepler-kerpler-new,core,1768487033.23,12.577667781818043,node,watts,Treatment
2026-01-15 14:24:23.230000019+00:00,kepler,Helm,kerpler-new,kepler,latest,kepler-0.0.0-dev,192.168.6.106:28282,kubernetes-service-endpoints,kepler,gisele,gisele,/host/sys/class/powercap/intel-rapl:0:0,kepler-kerpler-new,core,1768487063.23,12.870283981817986,node,watts,Treatment
2026-01-15 14:24:53.230000019+00:00,kepler,Helm,kerpler-new,kepler,latest,kepler-0.0.0-dev,192.168.6.106:28282,kubernetes-service-endpoints,kepler,gisele,gisele,/host/sys/class/powercap/intel-rapl:0:0,kepler-kerpler-new,core,1768487093.23,10.234565199999963,node,watts,Treatment
2026-01-15 14:25:23.230000019+00:00,kepler,Helm,kerpler-new,kepler,latest,kepler-0.0.0-dev,192.168.6.106:28282,kubernetes-service-endpoints,kepler,gisele,gisele,/host/sys/class/powercap/intel-rapl:0:0,kepler-kerpler-new,core,1768487123.23,8.133100181818538,node,watts,Treatment
2026-01-15 14:25:53.230000019+00:00,kepler,Helm,kerpler-new,kepler,latest,kepler-0.0.0-dev,192.168.6.106:28282,kubernetes-service-endpoints,kepler,gisele,gisele,/host/sys/class/powercap/intel-rapl:0:0,kepler-kerpler-new,core,1768487153.23,9.189076709090626,node,watts,Treatment
2026-01-15 14:26:23.230000019+00:00,kepler,Helm,kerpler-new,kepler,latest,kepler-0.0.0-dev,192.168.6.106:28282,kubernetes-service-endpoints,kepler,gisele,gisele,/host/sys/class/powercap/intel-rapl:0:0,kepler-kerpler-new,core,1768487183.23,11.044479672727704,node,watts,Treatment
2026-01-15 14:26:53.230000019+00:00,kepler,Helm,kerpler-new,kepler,latest,kepler-0.0.0-dev,192.168.6.106:28282,kubernetes-service-endpoints,kepler,gisele,gisele,/host/sys/class/powercap/intel-rapl:0:0,kepler-kerpler-new,core,1768487213.23,12.881101600000296,node,watts,Treatment
2026-01-15 14:27:23.230000019+00:00,kepler,Helm,kerpler-new,kepler,latest,kepler-0.0.0-dev,192.168.6.106:28282,kubernetes-service-endpoints,kepler,gisele,gisele,/host/sys/class/powercap/intel-rapl:0:0,kepler-kerpler-new,core,1768487243.23,11.642392963636667,node,watts,Treatment
2026-01-15 14:27:53.230000019+00:00,kepler,Helm,kerpler-new,kepler,latest,kepler-0.0.0-dev,192.168.6.106:28282,kubernetes-service-endpoints,kepler,gisele,gisele,/host/sys/class/powercap/intel-rapl:0:0,kepler-kerpler-new,core,1768487273.23,8.077864618181907,node,watts,Treatment
2026-01-15 14:28:23.230000019+00:00,kepler,Helm,kerpler-new,kepler,latest,kepler-0.0.0-dev,192.168.6.106:28282,kubernetes-service-endpoints,kepler,gisele,gisele,/host/sys/class/powercap/intel-rapl:0:0,kepler-kerpler-new,core,1768487303.23,6.562870071550947,node,watts,Treatment
2026-01-15 14:28:53.230000019+00:00,kepler,Helm,kerpler-new,kepler,latest,kepler-0.0.0-dev,192.168.6.106:28282,kubernetes-service-endpoints,kepler,gisele,gisele,/host/sys/class/powercap/intel-rapl:0:0,kepler-kerpler-new,core,1768487333.23,12.72037425454526,node,watts,Treatment
2026-01-15 14:29:23.230000019+00:00,kepler,Helm,kerpler-new,kepler,latest,kepler-0.0.0-dev,192.168.6.106:28282,kubernetes-service-endpoints,kepler,gisele,gisele,/host/sys/class/powercap/intel-rapl:0:0,kepler-kerpler-new,core,1768487363.23,13.840665971666247,node,watts,Treatment
2026-01-15 14:29:53.230000019+00:00,kepler,Helm,kerpler-new,kepler,latest,kepler-0.0.0-dev,192.168.6.106:28282,kubernetes-service-endpoints,kepler,gisele,gisele,/host/sys/class/powercap/intel-rapl:0:0,kepler-kerpler-new,core,1768487393.23,12.839698800000107,node,watts,Treatment
2026-01-15 14:30:23.230000019+00:00,kepler,Helm,kerpler-new,kepler,latest,kepler-0.0.0-dev,192.168.6.106:28282,kubernetes-service-endpoints,kepler,gisele,gisele,/host/sys/class/powercap/intel-rapl:0:0,kepler-kerpler-new,core,1768487423.23,7.943721890909364,node,watts,Treatment
2026-01-15 14:30:53.230000019+00:00,kepler,Helm,kerpler-new,kepler,latest,kepler-0.0.0-dev,192.168.6.106:28282,kubernetes-service-endpoints,kepler,gisele,gisele,/host/sys/class/powercap/intel-rapl:0:0,kepler-kerpler-new,core,1768487453.23,8.213206963636383,node,watts,Treatment
2026-01-15 14:31:23.230000019+00:00,kepler,Helm,kerpler-new,kepler,latest,kepler-0.0.0-dev,192.168.6.106:28282,kubernetes-service-endpoints,kepler,gisele,gisele,/host/sys/class/powercap/intel-rapl:0:0,kepler-kerpler-new,core,1768487483.23,13.038096945455022,node,watts,Treatment
2026-01-15 14:31:53.230000019+00:00,kepler,Helm,kerpler-new,kepler,latest,kepler-0.0.0-dev,192.168.6.106:28282,kubernetes-service-endpoints,kepler,gisele,gisele,/host/sys/class/powercap/intel-rapl:0:0,kepler-kerpler-new,core,1768487513.23,13.59194740000001,node,watts,Treatment
2026-01-15 14:32:23.230000019+00:00,kepler,Helm,kerpler-new,kepler,latest,kepler-0.0.0-dev,192.168.6.106:28282,kubernetes-service-endpoints,kepler,gisele,gisele,/host/sys/class/powercap/intel-rapl:0:0,kepler-kerpler-new,core,1768487543.23,12.877578236363743,node,watts,Treatment
2026-01-15 14:32:53.230000019+00:00,kepler,Helm,kerpler-new,kepler,latest,kepler-0.0.0-dev,192.168.6.106:28282,kubernetes-service-endpoints,kepler,gisele,gisele,/host/sys/class/powercap/intel-rapl:0:0,kepler-kerpler-new,core,1768487573.23,10.73316232727269,node,watts,Treatment
2026-01-15 14:33:23.230000019+00:00,kepler,Helm,kerpler-new,kepler,latest,kepler-0.0.0-dev,192.168.6.106:28282,kubernetes-service-endpoints,kepler,gisele,gisele,/host/sys/class/powercap/intel-rapl:0:0,kepler-kerpler-new,core,1768487603.23,8.800251563636332,node,watts,Treatment
2026-01-15 14:33:53.230000019+00:00,kepler,Helm,kerpler-new,kepler,latest,kepler-0.0.0-dev,192.168.6.106:28282,kubernetes-service-endpoints,kepler,gisele,gisele,/host/sys/class/powercap/intel-rapl:0:0,kepler-kerpler-new,core,1768487633.23,9.571239036363444,node,watts,Treatment
2026-01-15 14:34:23.230000019+00:00,kepler,Helm,kerpler-new,kepler,latest,kepler-0.0.0-dev,192.168.6.106:28282,kubernetes-service-endpoints,kepler,gisele,gisele,/host/sys/class/powercap/intel-rapl:0:0,kepler-kerpler-new,core,1768487663.23,11.81116583636401,node,watts,Treatment
2026-01-15 14:34:53.230000019+00:00,kepler,Helm,kerpler-new,kepler,latest,kepler-0.0.0-dev,192.168.6.106:28282,kubernetes-service-endpoints,kepler,gisele,gisele,/host/sys/class/powercap/intel-rapl:0:0,kepler-kerpler-new,core,1768487693.23,14.424766654545568,node,watts,Treatment
2026-01-15 14:35:23.230000019+00:00,kepler,Helm,kerpler-new,kepler,latest,kepler-0.0.0-dev,192.168.6.106:28282,kubernetes-service-endpoints,kepler,gisele,gisele,/host/sys/class/powercap/intel-rapl:0:0,kepler-kerpler-new,core,1768487723.23,15.247320909091187,node,watts,Treatment
2026-01-15 14:35:53.230000019+00:00,kepler,Helm,kerpler-new,kepler,latest,kepler-0.0.0-dev,192.168.6.106:28282,kubernetes-service-endpoints,kepler,gisele,gisele,/host/sys/class/powercap/intel-rapl:0:0,kepler-kerpler-new,core,1768487753.23,13.725140199999705,node,watts,Treatment
2026-01-15 14:36:23.230000019+00:00,kepler,Helm,kerpler-new,kepler,latest,kepler-0.0.0-dev,192.168.6.106:28282,kubernetes-service-endpoints,kepler,gisele,gisele,/host/sys/class/powercap/intel-rapl:0:0,kepler-kerpler-new,core,1768487783.23,9.506607418181904,node,watts,Treatment
2026-01-15 14:36:53.230000019+00:00,kepler,Helm,kerpler-new,kepler,latest,kepler-0.0.0-dev,192.168.6.106:28282,kubernetes-service-endpoints,kepler,gisele,gisele,/host/sys/class/powercap/intel-rapl:0:0,kepler-kerpler-new,core,1768487813.23,8.914941890909208,node,watts,Treatment
2026-01-15 14:37:23.230000019+00:00,kepler,Helm,kerpler-new,kepler,latest,kepler-0.0.0-dev,192.168.6.106:28282,kubernetes-service-endpoints,kepler,gisele,gisele,/host/sys/class/powercap/intel-rapl:0:0,kepler-kerpler-new,core,1768487843.23,12.541653799999569,node,watts,Treatment
2026-01-15 14:37:53.230000019+00:00,kepler,Helm,kerpler-new,kepler,latest,kepler-0.0.0-dev,192.168.6.106:28282,kubernetes-service-endpoints,kepler,gisele,gisele,/host/sys/class/powercap/intel-rapl:0:0,kepler-kerpler-new,core,1768487873.23,14.222937236363808,node,watts,Treatment
2026-01-15 14:13:53.230000019+00:00,kepler,Helm,kerpler-new,kepler,latest,kepler-0.0.0-dev,192.168.6.106:28282,kubernetes-service-endpoints,kepler,gisele,gisele,/host/sys/class/powercap/intel-rapl:0:1,kepler-kerpler-new,dram,1768486433.23,1.884627636363571,node,watts,NoTreatment
2026-01-15 14:14:23.230000019+00:00,kepler,Helm,kerpler-new,kepler,latest,kepler-0.0.0-dev,192.168.6.106:28282,kubernetes-service-endpoints,kepler,gisele,gisele,/host/sys/class/powercap/intel-rapl:0:1,kepler-kerpler-new,dram,1768486463.23,1.887906872727432,node,watts,Treatment
2026-01-15 14:14:53.230000019+00:00,kepler,Helm,kerpler-new,kepler,latest,kepler-0.0.0-dev,192.168.6.106:28282,kubernetes-service-endpoints,kepler,gisele,gisele,/host/sys/class/powercap/intel-rapl:0:1,kepler-kerpler-new,dram,1768486493.23,1.8738810363635738,node,watts,Treatment
2026-01-15 14:15:23.230000019+00:00,kepler,Helm,kerpler-new,kepler,latest,kepler-0.0.0-dev,192.168.6.106:28282,kubernetes-service-endpoints,kepler,gisele,gisele,/host/sys/class/powercap/intel-rapl:0:1,kepler-kerpler-new,dram,1768486523.23,1.875157218181729,node,watts,Treatment
2026-01-15 14:15:53.230000019+00:00,kepler,Helm,kerpler-new,kepler,latest,kepler-0.0.0-dev,192.168.6.106:28282,kubernetes-service-endpoints,kepler,gisele,gisele,/host/sys/class/powercap/intel-rapl:0:1,kepler-kerpler-new,dram,1768486553.23,1.9080750727271978,node,watts,Treatment
2026-01-15 14:16:23.230000019+00:00,kepler,Helm,kerpler-new,kepler,latest,kepler-0.0.0-dev,192.168.6.106:28282,kubernetes-service-endpoints,kepler,gisele,gisele,/host/sys/class/powercap/intel-rapl:0:1,kepler-kerpler-new,dram,1768486583.23,1.9293585090911205,node,watts,Treatment
2026-01-15 14:16:53.230000019+00:00,kepler,Helm,kerpler-new,kepler,latest,kepler-0.0.0-dev,192.168.6.106:28282,kubernetes-service-endpoints,kepler,gisele,gisele,/host/sys/class/powercap/intel-rapl:0:1,kepler-kerpler-new,dram,1768486613.23,1.9325800727272342,node,watts,Treatment
2026-01-15 14:17:23.230000019+00:00,kepler,Helm,kerpler-new,kepler,latest,kepler-0.0.0-dev,192.168.6.106:28282,kubernetes-service-endpoints,kepler,gisele,gisele,/host/sys/class/powercap/intel-rapl:0:1,kepler-kerpler-new,dram,1768486643.23,1.9336698181818726,node,watts,Treatment
2026-01-15 14:17:53.230000019+00:00,kepler,Helm,kerpler-new,kepler,latest,kepler-0.0.0-dev,192.168.6.106:28282,kubernetes-service-endpoints,kepler,gisele,gisele,/host/sys/class/powercap/intel-rapl:0:1,kepler-kerpler-new,dram,1768486673.23,1.9005755272725682,node,watts,Treatment
2026-01-15 14:18:23.230000019+00:00,kepler,Helm,kerpler-new,kepler,latest,kepler-0.0.0-dev,192.168.6.106:28282,kubernetes-service-endpoints,kepler,gisele,gisele,/host/sys/class/powercap/intel-rapl:0:1,kepler-kerpler-new,dram,1768486703.23,1.879468509090789,node,watts,Treatment
2026-01-15 14:18:53.230000019+00:00,kepler,Helm,kerpler-new,kepler,latest,kepler-0.0.0-dev,192.168.6.106:28282,kubernetes-service-endpoints,kepler,gisele,gisele,/host/sys/class/powercap/intel-rapl:0:1,kepler-kerpler-new,dram,1768486733.23,1.8785762909090737,node,watts,Treatment
2026-01-15 14:19:23.230000019+00:00,kepler,Helm,kerpler-new,kepler,latest,kepler-0.0.0-dev,192.168.6.106:28282,kubernetes-service-endpoints,kepler,gisele,gisele,/host/sys/class/powercap/intel-rapl:0:1,kepler-kerpler-new,dram,1768486763.23,1.9103477818179684,node,watts,Treatment
2026-01-15 14:19:53.230000019+00:00,kepler,Helm,kerpler-new,kepler,latest,kepler-0.0.0-dev,192.168.6.106:28282,kubernetes-service-endpoints,kepler,gisele,gisele,/host/sys/class/powercap/intel-rapl:0:1,kepler-kerpler-new,dram,1768486793.23,1.9327875818181464,node,watts,Treatment
2026-01-15 14:20:23.230000019+00:00,kepler,Helm,kerpler-new,kepler,latest,kepler-0.0.0-dev,192.168.6.106:28282,kubernetes-service-endpoints,kepler,gisele,gisele,/host/sys/class/powercap/intel-rapl:0:1,kepler-kerpler-new,dram,1768486823.23,1.9326821454546668,node,watts,Treatment
2026-01-15 14:20:53.230000019+00:00,kepler,Helm,kerpler-new,kepler,latest,kepler-0.0.0-dev,192.168.6.106:28282,kubernetes-service-endpoints,kepler,gisele,gisele,/host/sys/class/powercap/intel-rapl:0:1,kepler-kerpler-new,dram,1768486853.23,1.932211636363751,node,watts,Treatment
2026-01-15 14:21:23.230000019+00:00,kepler,Helm,kerpler-new,kepler,latest,kepler-0.0.0-dev,192.168.6.106:28282,kubernetes-service-endpoints,kepler,gisele,gisele,/host/sys/class/powercap/intel-rapl:0:1,kepler-kerpler-new,dram,1768486883.23,1.8971753272727998,node,watts,Treatment
2026-01-15 14:21:53.230000019+00:00,kepler,Helm,kerpler-new,kepler,latest,kepler-0.0.0-dev,192.168.6.106:28282,kubernetes-service-endpoints,kepler,gisele,gisele,/host/sys/class/powercap/intel-rapl:0:1,kepler-kerpler-new,dram,1768486913.23,1.8767552363635993,node,watts,Treatment
2026-01-15 14:22:23.230000019+00:00,kepler,Helm,kerpler-new,kepler,latest,kepler-0.0.0-dev,192.168.6.106:28282,kubernetes-service-endpoints,kepler,gisele,gisele,/host/sys/class/powercap/intel-rapl:0:1,kepler-kerpler-new,dram,1768486943.23,1.8831297357268308,node,watts,Treatment
2026-01-15 14:22:53.230000019+00:00,kepler,Helm,kerpler-new,kepler,latest,kepler-0.0.0-dev,192.168.6.106:28282,kubernetes-service-endpoints,kepler,gisele,gisele,/host/sys/class/powercap/intel-rapl:0:1,kepler-kerpler-new,dram,1768486973.23,1.9116117454544026,node,watts,Treatment
2026-01-15 14:23:23.230000019+00:00,kepler,Helm,kerpler-new,kepler,latest,kepler-0.0.0-dev,192.168.6.106:28282,kubernetes-service-endpoints,kepler,gisele,gisele,/host/sys/class/powercap/intel-rapl:0:1,kepler-kerpler-new,dram,1768487003.23,1.9355319454543694,node,watts,Treatment
2026-01-15 14:23:53.230000019+00:00,kepler,Helm,kerpler-new,kepler,latest,kepler-0.0.0-dev,192.168.6.106:28282,kubernetes-service-endpoints,kepler,gisele,gisele,/host/sys/class/powercap/intel-rapl:0:1,kepler-kerpler-new,dram,1768487033.23,1.9421170545456168,node,watts,Treatment
2026-01-15 14:24:23.230000019+00:00,kepler,Helm,kerpler-new,kepler,latest,kepler-0.0.0-dev,192.168.6.106:28282,kubernetes-service-endpoints,kepler,gisele,gisele,/host/sys/class/powercap/intel-rapl:0:1,kepler-kerpler-new,dram,1768487063.23,1.9417674909091807,node,watts,Treatment
2026-01-15 14:24:53.230000019+00:00,kepler,Helm,kerpler-new,kepler,latest,kepler-0.0.0-dev,192.168.6.106:28282,kubernetes-service-endpoints,kepler,gisele,gisele,/host/sys/class/powercap/intel-rapl:0:1,kepler-kerpler-new,dram,1768487093.23,1.9048146727275292,node,watts,Treatment
2026-01-15 14:25:23.230000019+00:00,kepler,Helm,kerpler-new,kepler,latest,kepler-0.0.0-dev,192.168.6.106:28282,kubernetes-service-endpoints,kepler,gisele,gisele,/host/sys/class/powercap/intel-rapl:0:1,kepler-kerpler-new,dram,1768487123.23,1.890313872727248,node,watts,Treatment
2026-01-15 14:25:53.230000019+00:00,kepler,Helm,kerpler-new,kepler,latest,kepler-0.0.0-dev,192.168.6.106:28282,kubernetes-service-endpoints,kepler,gisele,gisele,/host/sys/class/powercap/intel-rapl:0:1,kepler-kerpler-new,dram,1768487153.23,1.9098572909091176,node,watts,Treatment
2026-01-15 14:26:23.230000019+00:00,kepler,Helm,kerpler-new,kepler,latest,kepler-0.0.0-dev,192.168.6.106:28282,kubernetes-service-endpoints,kepler,gisele,gisele,/host/sys/class/powercap/intel-rapl:0:1,kepler-kerpler-new,dram,1768487183.23,1.9384383090909316,node,watts,Treatment
2026-01-15 14:26:53.230000019+00:00,kepler,Helm,kerpler-new,kepler,latest,kepler-0.0.0-dev,192.168.6.106:28282,kubernetes-service-endpoints,kepler,gisele,gisele,/host/sys/class/powercap/intel-rapl:0:1,kepler-kerpler-new,dram,1768487213.23,1.9553805090907685,node,watts,Treatment
2026-01-15 14:27:23.230000019+00:00,kepler,Helm,kerpler-new,kepler,latest,kepler-0.0.0-dev,192.168.6.106:28282,kubernetes-service-endpoints,kepler,gisele,gisele,/host/sys/class/powercap/intel-rapl:0:1,kepler-kerpler-new,dram,1768487243.23,1.9241860909091137,node,watts,Treatment
2026-01-15 14:27:53.230000019+00:00,kepler,Helm,kerpler-new,kepler,latest,kepler-0.0.0-dev,192.168.6.106:28282,kubernetes-service-endpoints,kepler,gisele,gisele,/host/sys/class/powercap/intel-rapl:0:1,kepler-kerpler-new,dram,1768487273.23,1.8894449636363952,node,watts,Treatment
2026-01-15 14:28:23.230000019+00:00,kepler,Helm,kerpler-new,kepler,latest,kepler-0.0.0-dev,192.168.6.106:28282,kubernetes-service-endpoints,kepler,gisele,gisele,/host/sys/class/powercap/intel-rapl:0:1,kepler-kerpler-new,dram,1768487303.23,1.4228971882045982,node,watts,Treatment
2026-01-15 14:28:53.230000019+00:00,kepler,Helm,kerpler-new,kepler,latest,kepler-0.0.0-dev,192.168.6.106:28282,kubernetes-service-endpoints,kepler,gisele,gisele,/host/sys/class/powercap/intel-rapl:0:1,kepler-kerpler-new,dram,1768487333.23,1.9472473090908764,node,watts,Treatment
2026-01-15 14:29:23.230000019+00:00,kepler,Helm,kerpler-new,kepler,latest,kepler-0.0.0-dev,192.168.6.106:28282,kubernetes-service-endpoints,kepler,gisele,gisele,/host/sys/class/powercap/intel-rapl:0:1,kepler-kerpler-new,dram,1768487363.23,1.957769477074503,node,watts,Treatment
2026-01-15 14:29:53.230000019+00:00,kepler,Helm,kerpler-new,kepler,latest,kepler-0.0.0-dev,192.168.6.106:28282,kubernetes-service-endpoints,kepler,gisele,gisele,/host/sys/class/powercap/intel-rapl:0:1,kepler-kerpler-new,dram,1768487393.23,1.9458213272726754,node,watts,Treatment
2026-01-15 14:30:23.230000019+00:00,kepler,Helm,kerpler-new,kepler,latest,kepler-0.0.0-dev,192.168.6.106:28282,kubernetes-service-endpoints,kepler,gisele,gisele,/host/sys/class/powercap/intel-rapl:0:1,kepler-kerpler-new,dram,1768487423.23,1.8901618363634702,node,watts,Treatment
2026-01-15 14:30:53.230000019+00:00,kepler,Helm,kerpler-new,kepler,latest,kepler-0.0.0-dev,192.168.6.106:28282,kubernetes-service-endpoints,kepler,gisele,gisele,/host/sys/class/powercap/intel-rapl:0:1,kepler-kerpler-new,dram,1768487453.23,1.8884950181818567,node,watts,Treatment
2026-01-15 14:31:23.230000019+00:00,kepler,Helm,kerpler-new,kepler,latest,kepler-0.0.0-dev,192.168.6.106:28282,kubernetes-service-endpoints,kepler,gisele,gisele,/host/sys/class/powercap/intel-rapl:0:1,kepler-kerpler-new,dram,1768487483.23,1.9515786000000925,node,watts,Treatment
2026-01-15 14:31:53.230000019+00:00,kepler,Helm,kerpler-new,kepler,latest,kepler-0.0.0-dev,192.168.6.106:28282,kubernetes-service-endpoints,kepler,gisele,gisele,/host/sys/class/powercap/intel-rapl:0:1,kepler-kerpler-new,dram,1768487513.23,1.9552528909092703,node,watts,Treatment
2026-01-15 14:32:23.230000019+00:00,kepler,Helm,kerpler-new,kepler,latest,kepler-0.0.0-dev,192.168.6.106:28282,kubernetes-service-endpoints,kepler,gisele,gisele,/host/sys/class/powercap/intel-rapl:0:1,kepler-kerpler-new,dram,1768487543.23,1.9462485636362212,node,watts,Treatment
2026-01-15 14:32:53.230000019+00:00,kepler,Helm,kerpler-new,kepler,latest,kepler-0.0.0-dev,192.168.6.106:28282,kubernetes-service-endpoints,kepler,gisele,gisele,/host/sys/class/powercap/intel-rapl:0:1,kepler-kerpler-new,dram,1768487573.23,1.9132674727274042,node,watts,Treatment
2026-01-15 14:33:23.230000019+00:00,kepler,Helm,kerpler-new,kepler,latest,kepler-0.0.0-dev,192.168.6.106:28282,kubernetes-service-endpoints,kepler,gisele,gisele,/host/sys/class/powercap/intel-rapl:0:1,kepler-kerpler-new,dram,1768487603.23,1.8939859636363425,node,watts,Treatment
2026-01-15 14:33:53.230000019+00:00,kepler,Helm,kerpler-new,kepler,latest,kepler-0.0.0-dev,192.168.6.106:28282,kubernetes-service-endpoints,kepler,gisele,gisele,/host/sys/class/powercap/intel-rapl:0:1,kepler-kerpler-new,dram,1768487633.23,1.9114264363637299,node,watts,Treatment
2026-01-15 14:34:23.230000019+00:00,kepler,Helm,kerpler-new,kepler,latest,kepler-0.0.0-dev,192.168.6.106:28282,kubernetes-service-endpoints,kepler,gisele,gisele,/host/sys/class/powercap/intel-rapl:0:1,kepler-kerpler-new,dram,1768487663.23,1.9461009818182156,node,watts,Treatment
2026-01-15 14:34:53.230000019+00:00,kepler,Helm,kerpler-new,kepler,latest,kepler-0.0.0-dev,192.168.6.106:28282,kubernetes-service-endpoints,kepler,gisele,gisele,/host/sys/class/powercap/intel-rapl:0:1,kepler-kerpler-new,dram,1768487693.23,1.9740428000000643,node,watts,Treatment
2026-01-15 14:35:23.230000019+00:00,kepler,Helm,kerpler-new,kepler,latest,kepler-0.0.0-dev,192.168.6.106:28282,kubernetes-service-endpoints,kepler,gisele,gisele,/host/sys/class/powercap/intel-rapl:0:1,kepler-kerpler-new,dram,1768487723.23,1.9764331454546085,node,watts,Treatment
2026-01-15 14:35:53.230000019+00:00,kepler,Helm,kerpler-new,kepler,latest,kepler-0.0.0-dev,192.168.6.106:28282,kubernetes-service-endpoints,kepler,gisele,gisele,/host/sys/class/powercap/intel-rapl:0:1,kepler-kerpler-new,dram,1768487753.23,1.9580127818181856,node,watts,Treatment
2026-01-15 14:36:23.230000019+00:00,kepler,Helm,kerpler-new,kepler,latest,kepler-0.0.0-dev,192.168.6.106:28282,kubernetes-service-endpoints,kepler,gisele,gisele,/host/sys/class/powercap/intel-rapl:0:1,kepler-kerpler-new,dram,1768487783.23,1.903697181818213,node,watts,Treatment
2026-01-15 14:36:53.230000019+00:00,kepler,Helm,kerpler-new,kepler,latest,kepler-0.0.0-dev,192.168.6.106:28282,kubernetes-service-endpoints,kepler,gisele,gisele,/host/sys/class/powercap/intel-rapl:0:1,kepler-kerpler-new,dram,1768487813.23,1.90103827272727,node,watts,Treatment
2026-01-15 14:37:23.230000019+00:00,kepler,Helm,kerpler-new,kepler,latest,kepler-0.0.0-dev,192.168.6.106:28282,kubernetes-service-endpoints,kepler,gisele,gisele,/host/sys/class/powercap/intel-rapl:0:1,kepler-kerpler-new,dram,1768487843.23,1.9573791454546152,node,watts,Treatment
2026-01-15 14:37:53.230000019+00:00,kepler,Helm,kerpler-new,kepler,latest,kepler-0.0.0-dev,192.168.6.106:28282,kubernetes-service-endpoints,kepler,gisele,gisele,/host/sys/class/powercap/intel-rapl:0:1,kepler-kerpler-new,dram,1768487873.23,1.9599958545456915,node,watts,Treatment
