timestamp,__name__,baremetal,beta_kubernetes_io_arch,beta_kubernetes_io_os,container,cpu,env,feature_node_kubernetes_io_cpu_cpuid_ADX,feature_node_kubernetes_io_cpu_cpuid_AESNI,feature_node_kubernetes_io_cpu_cpuid_AVX,feature_node_kubernetes_io_cpu_cpuid_AVX2,feature_node_kubernetes_io_cpu_cpuid_CMPXCHG8,feature_node_kubernetes_io_cpu_cpuid_FLUSH_L1D,feature_node_kubernetes_io_cpu_cpuid_FMA3,feature_node_kubernetes_io_cpu_cpuid_FXSR,feature_node_kubernetes_io_cpu_cpuid_FXSROPT,feature_node_kubernetes_io_cpu_cpuid_IA32_ARCH_CAP,feature_node_kubernetes_io_cpu_cpuid_IBPB,feature_node_kubernetes_io_cpu_cpuid_LAHF,feature_node_kubernetes_io_cpu_cpuid_MD_CLEAR,feature_node_kubernetes_io_cpu_cpuid_MOVBE,feature_node_kubernetes_io_cpu_cpuid_MPX,feature_node_kubernetes_io_cpu_cpuid_OSXSAVE,feature_node_kubernetes_io_cpu_cpuid_PMU_FIXEDCOUNTER_CYCLES,feature_node_kubernetes_io_cpu_cpuid_PMU_FIXEDCOUNTER_INSTRUCTIONS,feature_node_kubernetes_io_cpu_cpuid_PMU_FIXEDCOUNTER_REFCYCLES,feature_node_kubernetes_io_cpu_cpuid_RTM_ALWAYS_ABORT,feature_node_kubernetes_io_cpu_cpuid_SPEC_CTRL_SSBD,feature_node_kubernetes_io_cpu_cpuid_SRBDS_CTRL,feature_node_kubernetes_io_cpu_cpuid_STIBP,feature_node_kubernetes_io_cpu_cpuid_SYSCALL,feature_node_kubernetes_io_cpu_cpuid_SYSEE,feature_node_kubernetes_io_cpu_cpuid_VMX,feature_node_kubernetes_io_cpu_cpuid_X87,feature_node_kubernetes_io_cpu_cpuid_XGETBV1,feature_node_kubernetes_io_cpu_cpuid_XSAVE,feature_node_kubernetes_io_cpu_cpuid_XSAVEC,feature_node_kubernetes_io_cpu_cpuid_XSAVEOPT,feature_node_kubernetes_io_cpu_cpuid_XSAVES,feature_node_kubernetes_io_cpu_cstate_enabled,feature_node_kubernetes_io_cpu_hardware_multithreading,feature_node_kubernetes_io_cpu_model_family,feature_node_kubernetes_io_cpu_model_id,feature_node_kubernetes_io_cpu_model_vendor_id,feature_node_kubernetes_io_cpu_pstate_scaling_governor,feature_node_kubernetes_io_cpu_pstate_status,feature_node_kubernetes_io_cpu_pstate_turbo,feature_node_kubernetes_io_kernel_config_NO_HZ,feature_node_kubernetes_io_kernel_config_NO_HZ_FULL,feature_node_kubernetes_io_kernel_version_full,feature_node_kubernetes_io_kernel_version_major,feature_node_kubernetes_io_kernel_version_minor,feature_node_kubernetes_io_kernel_version_revision,feature_node_kubernetes_io_pci_0300_10de_present,feature_node_kubernetes_io_pci_0300_10de_sriov_capable,feature_node_kubernetes_io_pci_10de_present,feature_node_kubernetes_io_pci_10de_sriov_capable,feature_node_kubernetes_io_pci_8086_present,feature_node_kubernetes_io_storage_nonrotationaldisk,feature_node_kubernetes_io_system_os_release_ID,feature_node_kubernetes_io_system_os_release_VERSION_ID,feature_node_kubernetes_io_system_os_release_VERSION_ID_major,feature_node_kubernetes_io_system_os_release_VERSION_ID_minor,id,image,instance,job,kubernetes_io_arch,kubernetes_io_hostname,kubernetes_io_os,lca_tu_berlin_de_docker,lca_tu_berlin_de_kepler,name,namespace,network,nvidia_com_cuda_driver_major,nvidia_com_cuda_driver_minor,nvidia_com_cuda_driver_rev,nvidia_com_cuda_driver_version_full,nvidia_com_cuda_driver_version_major,nvidia_com_cuda_driver_version_minor,nvidia_com_cuda_driver_version_revision,nvidia_com_cuda_runtime_major,nvidia_com_cuda_runtime_minor,nvidia_com_cuda_runtime_version_full,nvidia_com_cuda_runtime_version_major,nvidia_com_cuda_runtime_version_minor,nvidia_com_gfd_timestamp,nvidia_com_gpu_compute_major,nvidia_com_gpu_compute_minor,nvidia_com_gpu_count,nvidia_com_gpu_deploy_container_toolkit,nvidia_com_gpu_deploy_dcgm,nvidia_com_gpu_deploy_dcgm_exporter,nvidia_com_gpu_deploy_device_plugin,nvidia_com_gpu_deploy_driver,nvidia_com_gpu_deploy_gpu_feature_discovery,nvidia_com_gpu_deploy_node_status_exporter,nvidia_com_gpu_deploy_operator_validator,nvidia_com_gpu_driver_upgrade_state,nvidia_com_gpu_family,nvidia_com_gpu_machine,nvidia_com_gpu_memory,nvidia_com_gpu_mode,nvidia_com_gpu_present,nvidia_com_gpu_product,nvidia_com_gpu_replicas,nvidia_com_gpu_sharing_strategy,nvidia_com_mig_capable,nvidia_com_mig_strategy,nvidia_com_mps_capable,nvidia_com_vgpu_present,pod,runtime,scaphandre,timestamp,system_cpu_usage,layer,unit,treatment
2026-01-20 15:26:50.940999985+00:00,container_cpu_usage_seconds_total,true,amd64,linux,data-preprocess,total,energy,true,true,true,true,true,true,true,true,true,true,true,true,true,true,true,true,true,true,true,true,true,true,true,true,true,true,true,true,true,true,true,true,true,true,6,94,Intel,powersave,active,true,true,true,6.14.0-37-generic,6,14,0,true,true,true,true,true,true,ubuntu,24.04,24,04,/kubepods.slice/kubepods-besteffort.slice/kubepods-besteffort-pod597315f9_3d9c_44ef_8464_e9387f52de1f.slice/cri-containerd-2bdf2e1247f9d2a2b5f1edd5db0230bf8aaf003b834aebe7ebfc0e6a5c074b7b.scope,docker.io/sepidmas/reuse_scale-data-preprocessor:latest,gisele,kubernetes-nodes-cadvisor,amd64,gisele,linux,true,true,2bdf2e1247f9d2a2b5f1edd5db0230bf8aaf003b834aebe7ebfc0e6a5c074b7b,pipeline,slow,580,95,05,580.95.05,580,95,05,13,0,13.0,13,0,1768582998,12,0,2,true,true,true,true,pre-installed,true,true,true,pod-restart-required,blackwell,Z170X-UD5-TH,16303,graphics,true,NVIDIA-GeForce-RTX-5070-Ti,1,none,false,single,false,false,data-preprocess-57fb77c468-kk6nk,wasmtime,true,1768922810.941,6.827702,pod,cpu_time_seconds,NoTreatment
2026-01-20 15:27:20.940999985+00:00,container_cpu_usage_seconds_total,true,amd64,linux,data-preprocess,total,energy,true,true,true,true,true,true,true,true,true,true,true,true,true,true,true,true,true,true,true,true,true,true,true,true,true,true,true,true,true,true,true,true,true,true,6,94,Intel,powersave,active,true,true,true,6.14.0-37-generic,6,14,0,true,true,true,true,true,true,ubuntu,24.04,24,04,/kubepods.slice/kubepods-besteffort.slice/kubepods-besteffort-pod597315f9_3d9c_44ef_8464_e9387f52de1f.slice/cri-containerd-2bdf2e1247f9d2a2b5f1edd5db0230bf8aaf003b834aebe7ebfc0e6a5c074b7b.scope,docker.io/sepidmas/reuse_scale-data-preprocessor:latest,gisele,kubernetes-nodes-cadvisor,amd64,gisele,linux,true,true,2bdf2e1247f9d2a2b5f1edd5db0230bf8aaf003b834aebe7ebfc0e6a5c074b7b,pipeline,slow,580,95,05,580.95.05,580,95,05,13,0,13.0,13,0,1768582998,12,0,2,true,true,true,true,pre-installed,true,true,true,pod-restart-required,blackwell,Z170X-UD5-TH,16303,graphics,true,NVIDIA-GeForce-RTX-5070-Ti,1,none,false,single,false,false,data-preprocess-57fb77c468-kk6nk,wasmtime,true,1768922840.941,6.83077,pod,cpu_time_seconds,Treatment
2026-01-20 15:27:50.940999985+00:00,container_cpu_usage_seconds_total,true,amd64,linux,data-preprocess,total,energy,true,true,true,true,true,true,true,true,true,true,true,true,true,true,true,true,true,true,true,true,true,true,true,true,true,true,true,true,true,true,true,true,true,true,6,94,Intel,powersave,active,true,true,true,6.14.0-37-generic,6,14,0,true,true,true,true,true,true,ubuntu,24.04,24,04,/kubepods.slice/kubepods-besteffort.slice/kubepods-besteffort-pod597315f9_3d9c_44ef_8464_e9387f52de1f.slice/cri-containerd-2bdf2e1247f9d2a2b5f1edd5db0230bf8aaf003b834aebe7ebfc0e6a5c074b7b.scope,docker.io/sepidmas/reuse_scale-data-preprocessor:latest,gisele,kubernetes-nodes-cadvisor,amd64,gisele,linux,true,true,2bdf2e1247f9d2a2b5f1edd5db0230bf8aaf003b834aebe7ebfc0e6a5c074b7b,pipeline,slow,580,95,05,580.95.05,580,95,05,13,0,13.0,13,0,1768582998,12,0,2,true,true,true,true,pre-installed,true,true,true,pod-restart-required,blackwell,Z170X-UD5-TH,16303,graphics,true,NVIDIA-GeForce-RTX-5070-Ti,1,none,false,single,false,false,data-preprocess-57fb77c468-kk6nk,wasmtime,true,1768922870.941,6.837587,pod,cpu_time_seconds,Treatment
2026-01-20 15:28:20.940999985+00:00,container_cpu_usage_seconds_total,true,amd64,linux,data-preprocess,total,energy,true,true,true,true,true,true,true,true,true,true,true,true,true,true,true,true,true,true,true,true,true,true,true,true,true,true,true,true,true,true,true,true,true,true,6,94,Intel,powersave,active,true,true,true,6.14.0-37-generic,6,14,0,true,true,true,true,true,true,ubuntu,24.04,24,04,/kubepods.slice/kubepods-besteffort.slice/kubepods-besteffort-pod597315f9_3d9c_44ef_8464_e9387f52de1f.slice/cri-containerd-2bdf2e1247f9d2a2b5f1edd5db0230bf8aaf003b834aebe7ebfc0e6a5c074b7b.scope,docker.io/sepidmas/reuse_scale-data-preprocessor:latest,gisele,kubernetes-nodes-cadvisor,amd64,gisele,linux,true,true,2bdf2e1247f9d2a2b5f1edd5db0230bf8aaf003b834aebe7ebfc0e6a5c074b7b,pipeline,slow,580,95,05,580.95.05,580,95,05,13,0,13.0,13,0,1768582998,12,0,2,true,true,true,true,pre-installed,true,true,true,pod-restart-required,blackwell,Z170X-UD5-TH,16303,graphics,true,NVIDIA-GeForce-RTX-5070-Ti,1,none,false,single,false,false,data-preprocess-57fb77c468-kk6nk,wasmtime,true,1768922900.941,6.840063,pod,cpu_time_seconds,Treatment
2026-01-20 15:26:50.940999985+00:00,container_cpu_usage_seconds_total,true,amd64,linux,data-quality,total,energy,true,true,true,true,true,true,true,true,true,true,true,true,true,true,true,true,true,true,true,true,true,true,true,true,true,true,true,true,true,true,true,true,true,true,6,94,Intel,powersave,active,true,true,true,6.14.0-37-generic,6,14,0,true,true,true,true,true,true,ubuntu,24.04,24,04,/kubepods.slice/kubepods-besteffort.slice/kubepods-besteffort-podd1100258_3c26_4cde_903e_adb6b5fd7260.slice/cri-containerd-240e3a53c025f2241317148b2ddea6730ebf5c30a8ced61ed2ed6c6e8194acd6.scope,docker.io/sepidmas/reuse_scale-data-quality:latest,gisele,kubernetes-nodes-cadvisor,amd64,gisele,linux,true,true,240e3a53c025f2241317148b2ddea6730ebf5c30a8ced61ed2ed6c6e8194acd6,pipeline,slow,580,95,05,580.95.05,580,95,05,13,0,13.0,13,0,1768582998,12,0,2,true,true,true,true,pre-installed,true,true,true,pod-restart-required,blackwell,Z170X-UD5-TH,16303,graphics,true,NVIDIA-GeForce-RTX-5070-Ti,1,none,false,single,false,false,data-quality-6df8969f99-qgvdv,wasmtime,true,1768922810.941,7.739718,pod,cpu_time_seconds,NoTreatment
2026-01-20 15:27:20.940999985+00:00,container_cpu_usage_seconds_total,true,amd64,linux,data-quality,total,energy,true,true,true,true,true,true,true,true,true,true,true,true,true,true,true,true,true,true,true,true,true,true,true,true,true,true,true,true,true,true,true,true,true,true,6,94,Intel,powersave,active,true,true,true,6.14.0-37-generic,6,14,0,true,true,true,true,true,true,ubuntu,24.04,24,04,/kubepods.slice/kubepods-besteffort.slice/kubepods-besteffort-podd1100258_3c26_4cde_903e_adb6b5fd7260.slice/cri-containerd-240e3a53c025f2241317148b2ddea6730ebf5c30a8ced61ed2ed6c6e8194acd6.scope,docker.io/sepidmas/reuse_scale-data-quality:latest,gisele,kubernetes-nodes-cadvisor,amd64,gisele,linux,true,true,240e3a53c025f2241317148b2ddea6730ebf5c30a8ced61ed2ed6c6e8194acd6,pipeline,slow,580,95,05,580.95.05,580,95,05,13,0,13.0,13,0,1768582998,12,0,2,true,true,true,true,pre-installed,true,true,true,pod-restart-required,blackwell,Z170X-UD5-TH,16303,graphics,true,NVIDIA-GeForce-RTX-5070-Ti,1,none,false,single,false,false,data-quality-6df8969f99-qgvdv,wasmtime,true,1768922840.941,7.743729,pod,cpu_time_seconds,Treatment
2026-01-20 15:27:50.940999985+00:00,container_cpu_usage_seconds_total,true,amd64,linux,data-quality,total,energy,true,true,true,true,true,true,true,true,true,true,true,true,true,true,true,true,true,true,true,true,true,true,true,true,true,true,true,true,true,true,true,true,true,true,6,94,Intel,powersave,active,true,true,true,6.14.0-37-generic,6,14,0,true,true,true,true,true,true,ubuntu,24.04,24,04,/kubepods.slice/kubepods-besteffort.slice/kubepods-besteffort-podd1100258_3c26_4cde_903e_adb6b5fd7260.slice/cri-containerd-240e3a53c025f2241317148b2ddea6730ebf5c30a8ced61ed2ed6c6e8194acd6.scope,docker.io/sepidmas/reuse_scale-data-quality:latest,gisele,kubernetes-nodes-cadvisor,amd64,gisele,linux,true,true,240e3a53c025f2241317148b2ddea6730ebf5c30a8ced61ed2ed6c6e8194acd6,pipeline,slow,580,95,05,580.95.05,580,95,05,13,0,13.0,13,0,1768582998,12,0,2,true,true,true,true,pre-installed,true,true,true,pod-restart-required,blackwell,Z170X-UD5-TH,16303,graphics,true,NVIDIA-GeForce-RTX-5070-Ti,1,none,false,single,false,false,data-quality-6df8969f99-qgvdv,wasmtime,true,1768922870.941,7.762804,pod,cpu_time_seconds,Treatment
2026-01-20 15:28:20.940999985+00:00,container_cpu_usage_seconds_total,true,amd64,linux,data-quality,total,energy,true,true,true,true,true,true,true,true,true,true,true,true,true,true,true,true,true,true,true,true,true,true,true,true,true,true,true,true,true,true,true,true,true,true,6,94,Intel,powersave,active,true,true,true,6.14.0-37-generic,6,14,0,true,true,true,true,true,true,ubuntu,24.04,24,04,/kubepods.slice/kubepods-besteffort.slice/kubepods-besteffort-podd1100258_3c26_4cde_903e_adb6b5fd7260.slice/cri-containerd-240e3a53c025f2241317148b2ddea6730ebf5c30a8ced61ed2ed6c6e8194acd6.scope,docker.io/sepidmas/reuse_scale-data-quality:latest,gisele,kubernetes-nodes-cadvisor,amd64,gisele,linux,true,true,240e3a53c025f2241317148b2ddea6730ebf5c30a8ced61ed2ed6c6e8194acd6,pipeline,slow,580,95,05,580.95.05,580,95,05,13,0,13.0,13,0,1768582998,12,0,2,true,true,true,true,pre-installed,true,true,true,pod-restart-required,blackwell,Z170X-UD5-TH,16303,graphics,true,NVIDIA-GeForce-RTX-5070-Ti,1,none,false,single,false,false,data-quality-6df8969f99-qgvdv,wasmtime,true,1768922900.941,7.768168,pod,cpu_time_seconds,Treatment
2026-01-20 15:26:50.940999985+00:00,container_cpu_usage_seconds_total,true,amd64,linux,generate-address,total,energy,true,true,true,true,true,true,true,true,true,true,true,true,true,true,true,true,true,true,true,true,true,true,true,true,true,true,true,true,true,true,true,true,true,true,6,94,Intel,powersave,active,true,true,true,6.14.0-37-generic,6,14,0,true,true,true,true,true,true,ubuntu,24.04,24,04,/kubepods.slice/kubepods-besteffort.slice/kubepods-besteffort-pod957f8556_b709_4cef_ae52_5b4280404089.slice/cri-containerd-451727847c61ae18eae8df10573fcbf476034d4a326dfd0acea3d608f85d3629.scope,docker.io/sepidmas/reuse_scale-generate-address:latest,gisele,kubernetes-nodes-cadvisor,amd64,gisele,linux,true,true,451727847c61ae18eae8df10573fcbf476034d4a326dfd0acea3d608f85d3629,pipeline,slow,580,95,05,580.95.05,580,95,05,13,0,13.0,13,0,1768582998,12,0,2,true,true,true,true,pre-installed,true,true,true,pod-restart-required,blackwell,Z170X-UD5-TH,16303,graphics,true,NVIDIA-GeForce-RTX-5070-Ti,1,none,false,single,false,false,generate-address-7f49698cc6-lbcgn,wasmtime,true,1768922810.941,1.689689,pod,cpu_time_seconds,NoTreatment
2026-01-20 15:27:20.940999985+00:00,container_cpu_usage_seconds_total,true,amd64,linux,generate-address,total,energy,true,true,true,true,true,true,true,true,true,true,true,true,true,true,true,true,true,true,true,true,true,true,true,true,true,true,true,true,true,true,true,true,true,true,6,94,Intel,powersave,active,true,true,true,6.14.0-37-generic,6,14,0,true,true,true,true,true,true,ubuntu,24.04,24,04,/kubepods.slice/kubepods-besteffort.slice/kubepods-besteffort-pod957f8556_b709_4cef_ae52_5b4280404089.slice/cri-containerd-451727847c61ae18eae8df10573fcbf476034d4a326dfd0acea3d608f85d3629.scope,docker.io/sepidmas/reuse_scale-generate-address:latest,gisele,kubernetes-nodes-cadvisor,amd64,gisele,linux,true,true,451727847c61ae18eae8df10573fcbf476034d4a326dfd0acea3d608f85d3629,pipeline,slow,580,95,05,580.95.05,580,95,05,13,0,13.0,13,0,1768582998,12,0,2,true,true,true,true,pre-installed,true,true,true,pod-restart-required,blackwell,Z170X-UD5-TH,16303,graphics,true,NVIDIA-GeForce-RTX-5070-Ti,1,none,false,single,false,false,generate-address-7f49698cc6-lbcgn,wasmtime,true,1768922840.941,1.698311,pod,cpu_time_seconds,Treatment
2026-01-20 15:27:50.940999985+00:00,container_cpu_usage_seconds_total,true,amd64,linux,generate-address,total,energy,true,true,true,true,true,true,true,true,true,true,true,true,true,true,true,true,true,true,true,true,true,true,true,true,true,true,true,true,true,true,true,true,true,true,6,94,Intel,powersave,active,true,true,true,6.14.0-37-generic,6,14,0,true,true,true,true,true,true,ubuntu,24.04,24,04,/kubepods.slice/kubepods-besteffort.slice/kubepods-besteffort-pod957f8556_b709_4cef_ae52_5b4280404089.slice/cri-containerd-451727847c61ae18eae8df10573fcbf476034d4a326dfd0acea3d608f85d3629.scope,docker.io/sepidmas/reuse_scale-generate-address:latest,gisele,kubernetes-nodes-cadvisor,amd64,gisele,linux,true,true,451727847c61ae18eae8df10573fcbf476034d4a326dfd0acea3d608f85d3629,pipeline,slow,580,95,05,580.95.05,580,95,05,13,0,13.0,13,0,1768582998,12,0,2,true,true,true,true,pre-installed,true,true,true,pod-restart-required,blackwell,Z170X-UD5-TH,16303,graphics,true,NVIDIA-GeForce-RTX-5070-Ti,1,none,false,single,false,false,generate-address-7f49698cc6-lbcgn,wasmtime,true,1768922870.941,1.718631,pod,cpu_time_seconds,Treatment
2026-01-20 15:28:20.940999985+00:00,container_cpu_usage_seconds_total,true,amd64,linux,generate-address,total,energy,true,true,true,true,true,true,true,true,true,true,true,true,true,true,true,true,true,true,true,true,true,true,true,true,true,true,true,true,true,true,true,true,true,true,6,94,Intel,powersave,active,true,true,true,6.14.0-37-generic,6,14,0,true,true,true,true,true,true,ubuntu,24.04,24,04,/kubepods.slice/kubepods-besteffort.slice/kubepods-besteffort-pod957f8556_b709_4cef_ae52_5b4280404089.slice/cri-containerd-451727847c61ae18eae8df10573fcbf476034d4a326dfd0acea3d608f85d3629.scope,docker.io/sepidmas/reuse_scale-generate-address:latest,gisele,kubernetes-nodes-cadvisor,amd64,gisele,linux,true,true,451727847c61ae18eae8df10573fcbf476034d4a326dfd0acea3d608f85d3629,pipeline,slow,580,95,05,580.95.05,580,95,05,13,0,13.0,13,0,1768582998,12,0,2,true,true,true,true,pre-installed,true,true,true,pod-restart-required,blackwell,Z170X-UD5-TH,16303,graphics,true,NVIDIA-GeForce-RTX-5070-Ti,1,none,false,single,false,false,generate-address-7f49698cc6-lbcgn,wasmtime,true,1768922900.941,1.721021,pod,cpu_time_seconds,Treatment
2026-01-20 15:26:50.940999985+00:00,container_cpu_usage_seconds_total,true,amd64,linux,generate-birthday,total,energy,true,true,true,true,true,true,true,true,true,true,true,true,true,true,true,true,true,true,true,true,true,true,true,true,true,true,true,true,true,true,true,true,true,true,6,94,Intel,powersave,active,true,true,true,6.14.0-37-generic,6,14,0,true,true,true,true,true,true,ubuntu,24.04,24,04,/kubepods.slice/kubepods-besteffort.slice/kubepods-besteffort-podfe622a57_4e82_498d_a250_4eee09c236b5.slice/cri-containerd-41e08ff744031dcdf866f879a37e98789e2fd8a65710b1cba88589d2070b7206.scope,docker.io/sepidmas/reuse_scale-generate-birthday:latest,gisele,kubernetes-nodes-cadvisor,amd64,gisele,linux,true,true,41e08ff744031dcdf866f879a37e98789e2fd8a65710b1cba88589d2070b7206,pipeline,slow,580,95,05,580.95.05,580,95,05,13,0,13.0,13,0,1768582998,12,0,2,true,true,true,true,pre-installed,true,true,true,pod-restart-required,blackwell,Z170X-UD5-TH,16303,graphics,true,NVIDIA-GeForce-RTX-5070-Ti,1,none,false,single,false,false,generate-birthday-6744559788-hh27v,wasmtime,true,1768922810.941,1.746962,pod,cpu_time_seconds,NoTreatment
2026-01-20 15:27:20.940999985+00:00,container_cpu_usage_seconds_total,true,amd64,linux,generate-birthday,total,energy,true,true,true,true,true,true,true,true,true,true,true,true,true,true,true,true,true,true,true,true,true,true,true,true,true,true,true,true,true,true,true,true,true,true,6,94,Intel,powersave,active,true,true,true,6.14.0-37-generic,6,14,0,true,true,true,true,true,true,ubuntu,24.04,24,04,/kubepods.slice/kubepods-besteffort.slice/kubepods-besteffort-podfe622a57_4e82_498d_a250_4eee09c236b5.slice/cri-containerd-41e08ff744031dcdf866f879a37e98789e2fd8a65710b1cba88589d2070b7206.scope,docker.io/sepidmas/reuse_scale-generate-birthday:latest,gisele,kubernetes-nodes-cadvisor,amd64,gisele,linux,true,true,41e08ff744031dcdf866f879a37e98789e2fd8a65710b1cba88589d2070b7206,pipeline,slow,580,95,05,580.95.05,580,95,05,13,0,13.0,13,0,1768582998,12,0,2,true,true,true,true,pre-installed,true,true,true,pod-restart-required,blackwell,Z170X-UD5-TH,16303,graphics,true,NVIDIA-GeForce-RTX-5070-Ti,1,none,false,single,false,false,generate-birthday-6744559788-hh27v,wasmtime,true,1768922840.941,1.774263,pod,cpu_time_seconds,Treatment
2026-01-20 15:27:50.940999985+00:00,container_cpu_usage_seconds_total,true,amd64,linux,generate-birthday,total,energy,true,true,true,true,true,true,true,true,true,true,true,true,true,true,true,true,true,true,true,true,true,true,true,true,true,true,true,true,true,true,true,true,true,true,6,94,Intel,powersave,active,true,true,true,6.14.0-37-generic,6,14,0,true,true,true,true,true,true,ubuntu,24.04,24,04,/kubepods.slice/kubepods-besteffort.slice/kubepods-besteffort-podfe622a57_4e82_498d_a250_4eee09c236b5.slice/cri-containerd-41e08ff744031dcdf866f879a37e98789e2fd8a65710b1cba88589d2070b7206.scope,docker.io/sepidmas/reuse_scale-generate-birthday:latest,gisele,kubernetes-nodes-cadvisor,amd64,gisele,linux,true,true,41e08ff744031dcdf866f879a37e98789e2fd8a65710b1cba88589d2070b7206,pipeline,slow,580,95,05,580.95.05,580,95,05,13,0,13.0,13,0,1768582998,12,0,2,true,true,true,true,pre-installed,true,true,true,pod-restart-required,blackwell,Z170X-UD5-TH,16303,graphics,true,NVIDIA-GeForce-RTX-5070-Ti,1,none,false,single,false,false,generate-birthday-6744559788-hh27v,wasmtime,true,1768922870.941,1.777092,pod,cpu_time_seconds,Treatment
2026-01-20 15:28:20.940999985+00:00,container_cpu_usage_seconds_total,true,amd64,linux,generate-birthday,total,energy,true,true,true,true,true,true,true,true,true,true,true,true,true,true,true,true,true,true,true,true,true,true,true,true,true,true,true,true,true,true,true,true,true,true,6,94,Intel,powersave,active,true,true,true,6.14.0-37-generic,6,14,0,true,true,true,true,true,true,ubuntu,24.04,24,04,/kubepods.slice/kubepods-besteffort.slice/kubepods-besteffort-podfe622a57_4e82_498d_a250_4eee09c236b5.slice/cri-containerd-41e08ff744031dcdf866f879a37e98789e2fd8a65710b1cba88589d2070b7206.scope,docker.io/sepidmas/reuse_scale-generate-birthday:latest,gisele,kubernetes-nodes-cadvisor,amd64,gisele,linux,true,true,41e08ff744031dcdf866f879a37e98789e2fd8a65710b1cba88589d2070b7206,pipeline,slow,580,95,05,580.95.05,580,95,05,13,0,13.0,13,0,1768582998,12,0,2,true,true,true,true,pre-installed,true,true,true,pod-restart-required,blackwell,Z170X-UD5-TH,16303,graphics,true,NVIDIA-GeForce-RTX-5070-Ti,1,none,false,single,false,false,generate-birthday-6744559788-hh27v,wasmtime,true,1768922900.941,1.779125,pod,cpu_time_seconds,Treatment
2026-01-20 15:26:50.940999985+00:00,container_cpu_usage_seconds_total,true,amd64,linux,generate-id-code,total,energy,true,true,true,true,true,true,true,true,true,true,true,true,true,true,true,true,true,true,true,true,true,true,true,true,true,true,true,true,true,true,true,true,true,true,6,94,Intel,powersave,active,true,true,true,6.14.0-37-generic,6,14,0,true,true,true,true,true,true,ubuntu,24.04,24,04,/kubepods.slice/kubepods-besteffort.slice/kubepods-besteffort-podd05cf68d_0a5d_49c3_bcac_a2328010fab1.slice/cri-containerd-92979270269be47b359224dbd4a77a60b002d9f872a09b86a7ea89f8a06747a3.scope,docker.io/sepidmas/reuse_scale-generate-id-code:latest,gisele,kubernetes-nodes-cadvisor,amd64,gisele,linux,true,true,92979270269be47b359224dbd4a77a60b002d9f872a09b86a7ea89f8a06747a3,pipeline,slow,580,95,05,580.95.05,580,95,05,13,0,13.0,13,0,1768582998,12,0,2,true,true,true,true,pre-installed,true,true,true,pod-restart-required,blackwell,Z170X-UD5-TH,16303,graphics,true,NVIDIA-GeForce-RTX-5070-Ti,1,none,false,single,false,false,generate-id-6848b7d6f5-5gn58,wasmtime,true,1768922810.941,1.784216,pod,cpu_time_seconds,NoTreatment
2026-01-20 15:27:20.940999985+00:00,container_cpu_usage_seconds_total,true,amd64,linux,generate-id-code,total,energy,true,true,true,true,true,true,true,true,true,true,true,true,true,true,true,true,true,true,true,true,true,true,true,true,true,true,true,true,true,true,true,true,true,true,6,94,Intel,powersave,active,true,true,true,6.14.0-37-generic,6,14,0,true,true,true,true,true,true,ubuntu,24.04,24,04,/kubepods.slice/kubepods-besteffort.slice/kubepods-besteffort-podd05cf68d_0a5d_49c3_bcac_a2328010fab1.slice/cri-containerd-92979270269be47b359224dbd4a77a60b002d9f872a09b86a7ea89f8a06747a3.scope,docker.io/sepidmas/reuse_scale-generate-id-code:latest,gisele,kubernetes-nodes-cadvisor,amd64,gisele,linux,true,true,92979270269be47b359224dbd4a77a60b002d9f872a09b86a7ea89f8a06747a3,pipeline,slow,580,95,05,580.95.05,580,95,05,13,0,13.0,13,0,1768582998,12,0,2,true,true,true,true,pre-installed,true,true,true,pod-restart-required,blackwell,Z170X-UD5-TH,16303,graphics,true,NVIDIA-GeForce-RTX-5070-Ti,1,none,false,single,false,false,generate-id-6848b7d6f5-5gn58,wasmtime,true,1768922840.941,1.787924,pod,cpu_time_seconds,Treatment
2026-01-20 15:27:50.940999985+00:00,container_cpu_usage_seconds_total,true,amd64,linux,generate-id-code,total,energy,true,true,true,true,true,true,true,true,true,true,true,true,true,true,true,true,true,true,true,true,true,true,true,true,true,true,true,true,true,true,true,true,true,true,6,94,Intel,powersave,active,true,true,true,6.14.0-37-generic,6,14,0,true,true,true,true,true,true,ubuntu,24.04,24,04,/kubepods.slice/kubepods-besteffort.slice/kubepods-besteffort-podd05cf68d_0a5d_49c3_bcac_a2328010fab1.slice/cri-containerd-92979270269be47b359224dbd4a77a60b002d9f872a09b86a7ea89f8a06747a3.scope,docker.io/sepidmas/reuse_scale-generate-id-code:latest,gisele,kubernetes-nodes-cadvisor,amd64,gisele,linux,true,true,92979270269be47b359224dbd4a77a60b002d9f872a09b86a7ea89f8a06747a3,pipeline,slow,580,95,05,580.95.05,580,95,05,13,0,13.0,13,0,1768582998,12,0,2,true,true,true,true,pre-installed,true,true,true,pod-restart-required,blackwell,Z170X-UD5-TH,16303,graphics,true,NVIDIA-GeForce-RTX-5070-Ti,1,none,false,single,false,false,generate-id-6848b7d6f5-5gn58,wasmtime,true,1768922870.941,1.897773,pod,cpu_time_seconds,Treatment
2026-01-20 15:28:20.940999985+00:00,container_cpu_usage_seconds_total,true,amd64,linux,generate-id-code,total,energy,true,true,true,true,true,true,true,true,true,true,true,true,true,true,true,true,true,true,true,true,true,true,true,true,true,true,true,true,true,true,true,true,true,true,6,94,Intel,powersave,active,true,true,true,6.14.0-37-generic,6,14,0,true,true,true,true,true,true,ubuntu,24.04,24,04,/kubepods.slice/kubepods-besteffort.slice/kubepods-besteffort-podd05cf68d_0a5d_49c3_bcac_a2328010fab1.slice/cri-containerd-92979270269be47b359224dbd4a77a60b002d9f872a09b86a7ea89f8a06747a3.scope,docker.io/sepidmas/reuse_scale-generate-id-code:latest,gisele,kubernetes-nodes-cadvisor,amd64,gisele,linux,true,true,92979270269be47b359224dbd4a77a60b002d9f872a09b86a7ea89f8a06747a3,pipeline,slow,580,95,05,580.95.05,580,95,05,13,0,13.0,13,0,1768582998,12,0,2,true,true,true,true,pre-installed,true,true,true,pod-restart-required,blackwell,Z170X-UD5-TH,16303,graphics,true,NVIDIA-GeForce-RTX-5070-Ti,1,none,false,single,false,false,generate-id-6848b7d6f5-5gn58,wasmtime,true,1768922900.941,1.899717,pod,cpu_time_seconds,Treatment
2026-01-20 15:26:50.940999985+00:00,container_cpu_usage_seconds_total,true,amd64,linux,generate-name,total,energy,true,true,true,true,true,true,true,true,true,true,true,true,true,true,true,true,true,true,true,true,true,true,true,true,true,true,true,true,true,true,true,true,true,true,6,94,Intel,powersave,active,true,true,true,6.14.0-37-generic,6,14,0,true,true,true,true,true,true,ubuntu,24.04,24,04,/kubepods.slice/kubepods-besteffort.slice/kubepods-besteffort-podef0a2a17_7f4c_4c4c_b79e_81a0b37c967d.slice/cri-containerd-50a4b82b9340323bde894973034cddd3bb0102bd3bdceb496c038950272ffb4f.scope,docker.io/sepidmas/reuse_scale-generate-names:latest,gisele,kubernetes-nodes-cadvisor,amd64,gisele,linux,true,true,50a4b82b9340323bde894973034cddd3bb0102bd3bdceb496c038950272ffb4f,pipeline,slow,580,95,05,580.95.05,580,95,05,13,0,13.0,13,0,1768582998,12,0,2,true,true,true,true,pre-installed,true,true,true,pod-restart-required,blackwell,Z170X-UD5-TH,16303,graphics,true,NVIDIA-GeForce-RTX-5070-Ti,1,none,false,single,false,false,generate-name-d78ffc68f-qv4lm,wasmtime,true,1768922810.941,1.991346,pod,cpu_time_seconds,NoTreatment
2026-01-20 15:27:20.940999985+00:00,container_cpu_usage_seconds_total,true,amd64,linux,generate-name,total,energy,true,true,true,true,true,true,true,true,true,true,true,true,true,true,true,true,true,true,true,true,true,true,true,true,true,true,true,true,true,true,true,true,true,true,6,94,Intel,powersave,active,true,true,true,6.14.0-37-generic,6,14,0,true,true,true,true,true,true,ubuntu,24.04,24,04,/kubepods.slice/kubepods-besteffort.slice/kubepods-besteffort-podef0a2a17_7f4c_4c4c_b79e_81a0b37c967d.slice/cri-containerd-50a4b82b9340323bde894973034cddd3bb0102bd3bdceb496c038950272ffb4f.scope,docker.io/sepidmas/reuse_scale-generate-names:latest,gisele,kubernetes-nodes-cadvisor,amd64,gisele,linux,true,true,50a4b82b9340323bde894973034cddd3bb0102bd3bdceb496c038950272ffb4f,pipeline,slow,580,95,05,580.95.05,580,95,05,13,0,13.0,13,0,1768582998,12,0,2,true,true,true,true,pre-installed,true,true,true,pod-restart-required,blackwell,Z170X-UD5-TH,16303,graphics,true,NVIDIA-GeForce-RTX-5070-Ti,1,none,false,single,false,false,generate-name-d78ffc68f-qv4lm,wasmtime,true,1768922840.941,2.012476,pod,cpu_time_seconds,Treatment
2026-01-20 15:27:50.940999985+00:00,container_cpu_usage_seconds_total,true,amd64,linux,generate-name,total,energy,true,true,true,true,true,true,true,true,true,true,true,true,true,true,true,true,true,true,true,true,true,true,true,true,true,true,true,true,true,true,true,true,true,true,6,94,Intel,powersave,active,true,true,true,6.14.0-37-generic,6,14,0,true,true,true,true,true,true,ubuntu,24.04,24,04,/kubepods.slice/kubepods-besteffort.slice/kubepods-besteffort-podef0a2a17_7f4c_4c4c_b79e_81a0b37c967d.slice/cri-containerd-50a4b82b9340323bde894973034cddd3bb0102bd3bdceb496c038950272ffb4f.scope,docker.io/sepidmas/reuse_scale-generate-names:latest,gisele,kubernetes-nodes-cadvisor,amd64,gisele,linux,true,true,50a4b82b9340323bde894973034cddd3bb0102bd3bdceb496c038950272ffb4f,pipeline,slow,580,95,05,580.95.05,580,95,05,13,0,13.0,13,0,1768582998,12,0,2,true,true,true,true,pre-installed,true,true,true,pod-restart-required,blackwell,Z170X-UD5-TH,16303,graphics,true,NVIDIA-GeForce-RTX-5070-Ti,1,none,false,single,false,false,generate-name-d78ffc68f-qv4lm,wasmtime,true,1768922870.941,2.015411,pod,cpu_time_seconds,Treatment
2026-01-20 15:28:20.940999985+00:00,container_cpu_usage_seconds_total,true,amd64,linux,generate-name,total,energy,true,true,true,true,true,true,true,true,true,true,true,true,true,true,true,true,true,true,true,true,true,true,true,true,true,true,true,true,true,true,true,true,true,true,6,94,Intel,powersave,active,true,true,true,6.14.0-37-generic,6,14,0,true,true,true,true,true,true,ubuntu,24.04,24,04,/kubepods.slice/kubepods-besteffort.slice/kubepods-besteffort-podef0a2a17_7f4c_4c4c_b79e_81a0b37c967d.slice/cri-containerd-50a4b82b9340323bde894973034cddd3bb0102bd3bdceb496c038950272ffb4f.scope,docker.io/sepidmas/reuse_scale-generate-names:latest,gisele,kubernetes-nodes-cadvisor,amd64,gisele,linux,true,true,50a4b82b9340323bde894973034cddd3bb0102bd3bdceb496c038950272ffb4f,pipeline,slow,580,95,05,580.95.05,580,95,05,13,0,13.0,13,0,1768582998,12,0,2,true,true,true,true,pre-installed,true,true,true,pod-restart-required,blackwell,Z170X-UD5-TH,16303,graphics,true,NVIDIA-GeForce-RTX-5070-Ti,1,none,false,single,false,false,generate-name-d78ffc68f-qv4lm,wasmtime,true,1768922900.941,2.017594,pod,cpu_time_seconds,Treatment
2026-01-20 15:27:20.940999985+00:00,container_cpu_usage_seconds_total,true,amd64,linux,init,total,energy,true,true,true,true,true,true,true,true,true,true,true,true,true,true,true,true,true,true,true,true,true,true,true,true,true,true,true,true,true,true,true,true,true,true,6,94,Intel,powersave,active,true,true,true,6.14.0-37-generic,6,14,0,true,true,true,true,true,true,ubuntu,24.04,24,04,/kubepods.slice/kubepods-besteffort.slice/kubepods-besteffort-podde650598_8ce6_431f_97ca_d0bd2f74404b.slice/cri-containerd-babccbca57124a70e7e7ef17f34e7ea6b5c58c4453d6d919ffd7a8e12a1fd918.scope,quay.io/argoproj/argoexec:v3.7.4,gisele,kubernetes-nodes-cadvisor,amd64,gisele,linux,true,true,babccbca57124a70e7e7ef17f34e7ea6b5c58c4453d6d919ffd7a8e12a1fd918,pipeline,slow,580,95,05,580.95.05,580,95,05,13,0,13.0,13,0,1768582998,12,0,2,true,true,true,true,pre-installed,true,true,true,pod-restart-required,blackwell,Z170X-UD5-TH,16303,graphics,true,NVIDIA-GeForce-RTX-5070-Ti,1,none,false,single,false,false,synthesize-only-zgt9n-call-synthetic-generator-service-3163793853,wasmtime,true,1768922840.941,0.011822,pod,cpu_time_seconds,Treatment
2026-01-20 15:27:50.940999985+00:00,container_cpu_usage_seconds_total,true,amd64,linux,init,total,energy,true,true,true,true,true,true,true,true,true,true,true,true,true,true,true,true,true,true,true,true,true,true,true,true,true,true,true,true,true,true,true,true,true,true,6,94,Intel,powersave,active,true,true,true,6.14.0-37-generic,6,14,0,true,true,true,true,true,true,ubuntu,24.04,24,04,/kubepods.slice/kubepods-besteffort.slice/kubepods-besteffort-podde650598_8ce6_431f_97ca_d0bd2f74404b.slice/cri-containerd-babccbca57124a70e7e7ef17f34e7ea6b5c58c4453d6d919ffd7a8e12a1fd918.scope,quay.io/argoproj/argoexec:v3.7.4,gisele,kubernetes-nodes-cadvisor,amd64,gisele,linux,true,true,babccbca57124a70e7e7ef17f34e7ea6b5c58c4453d6d919ffd7a8e12a1fd918,pipeline,slow,580,95,05,580.95.05,580,95,05,13,0,13.0,13,0,1768582998,12,0,2,true,true,true,true,pre-installed,true,true,true,pod-restart-required,blackwell,Z170X-UD5-TH,16303,graphics,true,NVIDIA-GeForce-RTX-5070-Ti,1,none,false,single,false,false,synthesize-only-zgt9n-call-synthetic-generator-service-3163793853,wasmtime,true,1768922870.941,0.011822,pod,cpu_time_seconds,Treatment
2026-01-20 15:28:20.940999985+00:00,container_cpu_usage_seconds_total,true,amd64,linux,init,total,energy,true,true,true,true,true,true,true,true,true,true,true,true,true,true,true,true,true,true,true,true,true,true,true,true,true,true,true,true,true,true,true,true,true,true,6,94,Intel,powersave,active,true,true,true,6.14.0-37-generic,6,14,0,true,true,true,true,true,true,ubuntu,24.04,24,04,/kubepods.slice/kubepods-besteffort.slice/kubepods-besteffort-podde650598_8ce6_431f_97ca_d0bd2f74404b.slice/cri-containerd-babccbca57124a70e7e7ef17f34e7ea6b5c58c4453d6d919ffd7a8e12a1fd918.scope,quay.io/argoproj/argoexec:v3.7.4,gisele,kubernetes-nodes-cadvisor,amd64,gisele,linux,true,true,babccbca57124a70e7e7ef17f34e7ea6b5c58c4453d6d919ffd7a8e12a1fd918,pipeline,slow,580,95,05,580.95.05,580,95,05,13,0,13.0,13,0,1768582998,12,0,2,true,true,true,true,pre-installed,true,true,true,pod-restart-required,blackwell,Z170X-UD5-TH,16303,graphics,true,NVIDIA-GeForce-RTX-5070-Ti,1,none,false,single,false,false,synthesize-only-zgt9n-call-synthetic-generator-service-3163793853,wasmtime,true,1768922900.941,0.011822,pod,cpu_time_seconds,Treatment
2026-01-20 15:26:50.940999985+00:00,container_cpu_usage_seconds_total,true,amd64,linux,load-data,total,energy,true,true,true,true,true,true,true,true,true,true,true,true,true,true,true,true,true,true,true,true,true,true,true,true,true,true,true,true,true,true,true,true,true,true,6,94,Intel,powersave,active,true,true,true,6.14.0-37-generic,6,14,0,true,true,true,true,true,true,ubuntu,24.04,24,04,/kubepods.slice/kubepods-besteffort.slice/kubepods-besteffort-podb18720e3_aad7_41df_b041_72e46760d761.slice/cri-containerd-3051587274711ca817dc800a29858638cb85d3cd5f9aed4e53d2550e5c11867f.scope,docker.io/sepidmas/reuse_scale-load-data:latest,gisele,kubernetes-nodes-cadvisor,amd64,gisele,linux,true,true,3051587274711ca817dc800a29858638cb85d3cd5f9aed4e53d2550e5c11867f,pipeline,slow,580,95,05,580.95.05,580,95,05,13,0,13.0,13,0,1768582998,12,0,2,true,true,true,true,pre-installed,true,true,true,pod-restart-required,blackwell,Z170X-UD5-TH,16303,graphics,true,NVIDIA-GeForce-RTX-5070-Ti,1,none,false,single,false,false,load-data-8fb4988b7-w25kt,wasmtime,true,1768922810.941,1.16231,pod,cpu_time_seconds,NoTreatment
2026-01-20 15:27:20.940999985+00:00,container_cpu_usage_seconds_total,true,amd64,linux,load-data,total,energy,true,true,true,true,true,true,true,true,true,true,true,true,true,true,true,true,true,true,true,true,true,true,true,true,true,true,true,true,true,true,true,true,true,true,6,94,Intel,powersave,active,true,true,true,6.14.0-37-generic,6,14,0,true,true,true,true,true,true,ubuntu,24.04,24,04,/kubepods.slice/kubepods-besteffort.slice/kubepods-besteffort-podb18720e3_aad7_41df_b041_72e46760d761.slice/cri-containerd-3051587274711ca817dc800a29858638cb85d3cd5f9aed4e53d2550e5c11867f.scope,docker.io/sepidmas/reuse_scale-load-data:latest,gisele,kubernetes-nodes-cadvisor,amd64,gisele,linux,true,true,3051587274711ca817dc800a29858638cb85d3cd5f9aed4e53d2550e5c11867f,pipeline,slow,580,95,05,580.95.05,580,95,05,13,0,13.0,13,0,1768582998,12,0,2,true,true,true,true,pre-installed,true,true,true,pod-restart-required,blackwell,Z170X-UD5-TH,16303,graphics,true,NVIDIA-GeForce-RTX-5070-Ti,1,none,false,single,false,false,load-data-8fb4988b7-w25kt,wasmtime,true,1768922840.941,1.174814,pod,cpu_time_seconds,Treatment
2026-01-20 15:27:50.940999985+00:00,container_cpu_usage_seconds_total,true,amd64,linux,load-data,total,energy,true,true,true,true,true,true,true,true,true,true,true,true,true,true,true,true,true,true,true,true,true,true,true,true,true,true,true,true,true,true,true,true,true,true,6,94,Intel,powersave,active,true,true,true,6.14.0-37-generic,6,14,0,true,true,true,true,true,true,ubuntu,24.04,24,04,/kubepods.slice/kubepods-besteffort.slice/kubepods-besteffort-podb18720e3_aad7_41df_b041_72e46760d761.slice/cri-containerd-3051587274711ca817dc800a29858638cb85d3cd5f9aed4e53d2550e5c11867f.scope,docker.io/sepidmas/reuse_scale-load-data:latest,gisele,kubernetes-nodes-cadvisor,amd64,gisele,linux,true,true,3051587274711ca817dc800a29858638cb85d3cd5f9aed4e53d2550e5c11867f,pipeline,slow,580,95,05,580.95.05,580,95,05,13,0,13.0,13,0,1768582998,12,0,2,true,true,true,true,pre-installed,true,true,true,pod-restart-required,blackwell,Z170X-UD5-TH,16303,graphics,true,NVIDIA-GeForce-RTX-5070-Ti,1,none,false,single,false,false,load-data-8fb4988b7-w25kt,wasmtime,true,1768922870.941,1.178946,pod,cpu_time_seconds,Treatment
2026-01-20 15:28:20.940999985+00:00,container_cpu_usage_seconds_total,true,amd64,linux,load-data,total,energy,true,true,true,true,true,true,true,true,true,true,true,true,true,true,true,true,true,true,true,true,true,true,true,true,true,true,true,true,true,true,true,true,true,true,6,94,Intel,powersave,active,true,true,true,6.14.0-37-generic,6,14,0,true,true,true,true,true,true,ubuntu,24.04,24,04,/kubepods.slice/kubepods-besteffort.slice/kubepods-besteffort-podb18720e3_aad7_41df_b041_72e46760d761.slice/cri-containerd-3051587274711ca817dc800a29858638cb85d3cd5f9aed4e53d2550e5c11867f.scope,docker.io/sepidmas/reuse_scale-load-data:latest,gisele,kubernetes-nodes-cadvisor,amd64,gisele,linux,true,true,3051587274711ca817dc800a29858638cb85d3cd5f9aed4e53d2550e5c11867f,pipeline,slow,580,95,05,580.95.05,580,95,05,13,0,13.0,13,0,1768582998,12,0,2,true,true,true,true,pre-installed,true,true,true,pod-restart-required,blackwell,Z170X-UD5-TH,16303,graphics,true,NVIDIA-GeForce-RTX-5070-Ti,1,none,false,single,false,false,load-data-8fb4988b7-w25kt,wasmtime,true,1768922900.941,1.181645,pod,cpu_time_seconds,Treatment
2026-01-20 15:27:20.940999985+00:00,container_cpu_usage_seconds_total,true,amd64,linux,main,total,energy,true,true,true,true,true,true,true,true,true,true,true,true,true,true,true,true,true,true,true,true,true,true,true,true,true,true,true,true,true,true,true,true,true,true,6,94,Intel,powersave,active,true,true,true,6.14.0-37-generic,6,14,0,true,true,true,true,true,true,ubuntu,24.04,24,04,/kubepods.slice/kubepods-besteffort.slice/kubepods-besteffort-poda5b0a2bd_6754_49fb_9c2a_a5603f49bd98.slice/cri-containerd-8576b2f1a8dcd2a4491607c33a6c3a763663800fb3c543b2945285215693b83b.scope,docker.io/curlimages/curl:7.85.0,gisele,kubernetes-nodes-cadvisor,amd64,gisele,linux,true,true,8576b2f1a8dcd2a4491607c33a6c3a763663800fb3c543b2945285215693b83b,pipeline,slow,580,95,05,580.95.05,580,95,05,13,0,13.0,13,0,1768582998,12,0,2,true,true,true,true,pre-installed,true,true,true,pod-restart-required,blackwell,Z170X-UD5-TH,16303,graphics,true,NVIDIA-GeForce-RTX-5070-Ti,1,none,false,single,false,false,evaluation-only-8bz5c-call-privacy-tracking-service-1897405036,wasmtime,true,1768922840.941,0.015305,pod,cpu_time_seconds,Treatment
2026-01-20 15:27:50.940999985+00:00,container_cpu_usage_seconds_total,true,amd64,linux,main,total,energy,true,true,true,true,true,true,true,true,true,true,true,true,true,true,true,true,true,true,true,true,true,true,true,true,true,true,true,true,true,true,true,true,true,true,6,94,Intel,powersave,active,true,true,true,6.14.0-37-generic,6,14,0,true,true,true,true,true,true,ubuntu,24.04,24,04,/kubepods.slice/kubepods-besteffort.slice/kubepods-besteffort-poda5b0a2bd_6754_49fb_9c2a_a5603f49bd98.slice/cri-containerd-8576b2f1a8dcd2a4491607c33a6c3a763663800fb3c543b2945285215693b83b.scope,docker.io/curlimages/curl:7.85.0,gisele,kubernetes-nodes-cadvisor,amd64,gisele,linux,true,true,8576b2f1a8dcd2a4491607c33a6c3a763663800fb3c543b2945285215693b83b,pipeline,slow,580,95,05,580.95.05,580,95,05,13,0,13.0,13,0,1768582998,12,0,2,true,true,true,true,pre-installed,true,true,true,pod-restart-required,blackwell,Z170X-UD5-TH,16303,graphics,true,NVIDIA-GeForce-RTX-5070-Ti,1,none,false,single,false,false,evaluation-only-8bz5c-call-privacy-tracking-service-1897405036,wasmtime,true,1768922870.941,0.015305,pod,cpu_time_seconds,Treatment
2026-01-20 15:28:20.940999985+00:00,container_cpu_usage_seconds_total,true,amd64,linux,main,total,energy,true,true,true,true,true,true,true,true,true,true,true,true,true,true,true,true,true,true,true,true,true,true,true,true,true,true,true,true,true,true,true,true,true,true,6,94,Intel,powersave,active,true,true,true,6.14.0-37-generic,6,14,0,true,true,true,true,true,true,ubuntu,24.04,24,04,/kubepods.slice/kubepods-besteffort.slice/kubepods-besteffort-poda5b0a2bd_6754_49fb_9c2a_a5603f49bd98.slice/cri-containerd-8576b2f1a8dcd2a4491607c33a6c3a763663800fb3c543b2945285215693b83b.scope,docker.io/curlimages/curl:7.85.0,gisele,kubernetes-nodes-cadvisor,amd64,gisele,linux,true,true,8576b2f1a8dcd2a4491607c33a6c3a763663800fb3c543b2945285215693b83b,pipeline,slow,580,95,05,580.95.05,580,95,05,13,0,13.0,13,0,1768582998,12,0,2,true,true,true,true,pre-installed,true,true,true,pod-restart-required,blackwell,Z170X-UD5-TH,16303,graphics,true,NVIDIA-GeForce-RTX-5070-Ti,1,none,false,single,false,false,evaluation-only-8bz5c-call-privacy-tracking-service-1897405036,wasmtime,true,1768922900.941,0.015305,pod,cpu_time_seconds,Treatment
2026-01-20 15:27:20.940999985+00:00,container_cpu_usage_seconds_total,true,amd64,linux,main,total,energy,true,true,true,true,true,true,true,true,true,true,true,true,true,true,true,true,true,true,true,true,true,true,true,true,true,true,true,true,true,true,true,true,true,true,6,94,Intel,powersave,active,true,true,true,6.14.0-37-generic,6,14,0,true,true,true,true,true,true,ubuntu,24.04,24,04,/kubepods.slice/kubepods-besteffort.slice/kubepods-besteffort-poda5e2a9f1_5896_4017_a8dd_6f249e999298.slice/cri-containerd-1c403542147f145fe694020ff8958f5e0a8e8a98ad66072fa75ebb16e7fb5e45.scope,docker.io/curlimages/curl:7.85.0,gisele,kubernetes-nodes-cadvisor,amd64,gisele,linux,true,true,1c403542147f145fe694020ff8958f5e0a8e8a98ad66072fa75ebb16e7fb5e45,pipeline,slow,580,95,05,580.95.05,580,95,05,13,0,13.0,13,0,1768582998,12,0,2,true,true,true,true,pre-installed,true,true,true,pod-restart-required,blackwell,Z170X-UD5-TH,16303,graphics,true,NVIDIA-GeForce-RTX-5070-Ti,1,none,false,single,false,false,parallel-evaluation-only-9qgxh-call-privacy-tracking-service-3164684379,wasmtime,true,1768922840.941,0.015064,pod,cpu_time_seconds,Treatment
2026-01-20 15:27:50.940999985+00:00,container_cpu_usage_seconds_total,true,amd64,linux,main,total,energy,true,true,true,true,true,true,true,true,true,true,true,true,true,true,true,true,true,true,true,true,true,true,true,true,true,true,true,true,true,true,true,true,true,true,6,94,Intel,powersave,active,true,true,true,6.14.0-37-generic,6,14,0,true,true,true,true,true,true,ubuntu,24.04,24,04,/kubepods.slice/kubepods-besteffort.slice/kubepods-besteffort-poda5e2a9f1_5896_4017_a8dd_6f249e999298.slice/cri-containerd-1c403542147f145fe694020ff8958f5e0a8e8a98ad66072fa75ebb16e7fb5e45.scope,docker.io/curlimages/curl:7.85.0,gisele,kubernetes-nodes-cadvisor,amd64,gisele,linux,true,true,1c403542147f145fe694020ff8958f5e0a8e8a98ad66072fa75ebb16e7fb5e45,pipeline,slow,580,95,05,580.95.05,580,95,05,13,0,13.0,13,0,1768582998,12,0,2,true,true,true,true,pre-installed,true,true,true,pod-restart-required,blackwell,Z170X-UD5-TH,16303,graphics,true,NVIDIA-GeForce-RTX-5070-Ti,1,none,false,single,false,false,parallel-evaluation-only-9qgxh-call-privacy-tracking-service-3164684379,wasmtime,true,1768922870.941,0.015064,pod,cpu_time_seconds,Treatment
2026-01-20 15:28:20.940999985+00:00,container_cpu_usage_seconds_total,true,amd64,linux,main,total,energy,true,true,true,true,true,true,true,true,true,true,true,true,true,true,true,true,true,true,true,true,true,true,true,true,true,true,true,true,true,true,true,true,true,true,6,94,Intel,powersave,active,true,true,true,6.14.0-37-generic,6,14,0,true,true,true,true,true,true,ubuntu,24.04,24,04,/kubepods.slice/kubepods-besteffort.slice/kubepods-besteffort-poda5e2a9f1_5896_4017_a8dd_6f249e999298.slice/cri-containerd-1c403542147f145fe694020ff8958f5e0a8e8a98ad66072fa75ebb16e7fb5e45.scope,docker.io/curlimages/curl:7.85.0,gisele,kubernetes-nodes-cadvisor,amd64,gisele,linux,true,true,1c403542147f145fe694020ff8958f5e0a8e8a98ad66072fa75ebb16e7fb5e45,pipeline,slow,580,95,05,580.95.05,580,95,05,13,0,13.0,13,0,1768582998,12,0,2,true,true,true,true,pre-installed,true,true,true,pod-restart-required,blackwell,Z170X-UD5-TH,16303,graphics,true,NVIDIA-GeForce-RTX-5070-Ti,1,none,false,single,false,false,parallel-evaluation-only-9qgxh-call-privacy-tracking-service-3164684379,wasmtime,true,1768922900.941,0.015064,pod,cpu_time_seconds,Treatment
2026-01-20 15:26:50.940999985+00:00,container_cpu_usage_seconds_total,true,amd64,linux,privacy-tracking,total,energy,true,true,true,true,true,true,true,true,true,true,true,true,true,true,true,true,true,true,true,true,true,true,true,true,true,true,true,true,true,true,true,true,true,true,6,94,Intel,powersave,active,true,true,true,6.14.0-37-generic,6,14,0,true,true,true,true,true,true,ubuntu,24.04,24,04,/kubepods.slice/kubepods-besteffort.slice/kubepods-besteffort-pod5bd9b98b_7a8b_4be6_acb2_5ce6ead4f3d0.slice/cri-containerd-d485edfbef4a01cd13b7d0b474a6bb7abbec2a556447d0810fa33599bde8a64f.scope,docker.io/sepidmas/reuse_scale-privacy-tracking:latest,gisele,kubernetes-nodes-cadvisor,amd64,gisele,linux,true,true,d485edfbef4a01cd13b7d0b474a6bb7abbec2a556447d0810fa33599bde8a64f,pipeline,slow,580,95,05,580.95.05,580,95,05,13,0,13.0,13,0,1768582998,12,0,2,true,true,true,true,pre-installed,true,true,true,pod-restart-required,blackwell,Z170X-UD5-TH,16303,graphics,true,NVIDIA-GeForce-RTX-5070-Ti,1,none,false,single,false,false,privacy-tracking-6d8c94558d-6tfjc,wasmtime,true,1768922810.941,12.729126,pod,cpu_time_seconds,NoTreatment
2026-01-20 15:27:20.940999985+00:00,container_cpu_usage_seconds_total,true,amd64,linux,privacy-tracking,total,energy,true,true,true,true,true,true,true,true,true,true,true,true,true,true,true,true,true,true,true,true,true,true,true,true,true,true,true,true,true,true,true,true,true,true,6,94,Intel,powersave,active,true,true,true,6.14.0-37-generic,6,14,0,true,true,true,true,true,true,ubuntu,24.04,24,04,/kubepods.slice/kubepods-besteffort.slice/kubepods-besteffort-pod5bd9b98b_7a8b_4be6_acb2_5ce6ead4f3d0.slice/cri-containerd-d485edfbef4a01cd13b7d0b474a6bb7abbec2a556447d0810fa33599bde8a64f.scope,docker.io/sepidmas/reuse_scale-privacy-tracking:latest,gisele,kubernetes-nodes-cadvisor,amd64,gisele,linux,true,true,d485edfbef4a01cd13b7d0b474a6bb7abbec2a556447d0810fa33599bde8a64f,pipeline,slow,580,95,05,580.95.05,580,95,05,13,0,13.0,13,0,1768582998,12,0,2,true,true,true,true,pre-installed,true,true,true,pod-restart-required,blackwell,Z170X-UD5-TH,16303,graphics,true,NVIDIA-GeForce-RTX-5070-Ti,1,none,false,single,false,false,privacy-tracking-6d8c94558d-6tfjc,wasmtime,true,1768922840.941,15.340853,pod,cpu_time_seconds,Treatment
2026-01-20 15:27:50.940999985+00:00,container_cpu_usage_seconds_total,true,amd64,linux,privacy-tracking,total,energy,true,true,true,true,true,true,true,true,true,true,true,true,true,true,true,true,true,true,true,true,true,true,true,true,true,true,true,true,true,true,true,true,true,true,6,94,Intel,powersave,active,true,true,true,6.14.0-37-generic,6,14,0,true,true,true,true,true,true,ubuntu,24.04,24,04,/kubepods.slice/kubepods-besteffort.slice/kubepods-besteffort-pod5bd9b98b_7a8b_4be6_acb2_5ce6ead4f3d0.slice/cri-containerd-d485edfbef4a01cd13b7d0b474a6bb7abbec2a556447d0810fa33599bde8a64f.scope,docker.io/sepidmas/reuse_scale-privacy-tracking:latest,gisele,kubernetes-nodes-cadvisor,amd64,gisele,linux,true,true,d485edfbef4a01cd13b7d0b474a6bb7abbec2a556447d0810fa33599bde8a64f,pipeline,slow,580,95,05,580.95.05,580,95,05,13,0,13.0,13,0,1768582998,12,0,2,true,true,true,true,pre-installed,true,true,true,pod-restart-required,blackwell,Z170X-UD5-TH,16303,graphics,true,NVIDIA-GeForce-RTX-5070-Ti,1,none,false,single,false,false,privacy-tracking-6d8c94558d-6tfjc,wasmtime,true,1768922870.941,17.94395,pod,cpu_time_seconds,Treatment
2026-01-20 15:28:20.940999985+00:00,container_cpu_usage_seconds_total,true,amd64,linux,privacy-tracking,total,energy,true,true,true,true,true,true,true,true,true,true,true,true,true,true,true,true,true,true,true,true,true,true,true,true,true,true,true,true,true,true,true,true,true,true,6,94,Intel,powersave,active,true,true,true,6.14.0-37-generic,6,14,0,true,true,true,true,true,true,ubuntu,24.04,24,04,/kubepods.slice/kubepods-besteffort.slice/kubepods-besteffort-pod5bd9b98b_7a8b_4be6_acb2_5ce6ead4f3d0.slice/cri-containerd-d485edfbef4a01cd13b7d0b474a6bb7abbec2a556447d0810fa33599bde8a64f.scope,docker.io/sepidmas/reuse_scale-privacy-tracking:latest,gisele,kubernetes-nodes-cadvisor,amd64,gisele,linux,true,true,d485edfbef4a01cd13b7d0b474a6bb7abbec2a556447d0810fa33599bde8a64f,pipeline,slow,580,95,05,580.95.05,580,95,05,13,0,13.0,13,0,1768582998,12,0,2,true,true,true,true,pre-installed,true,true,true,pod-restart-required,blackwell,Z170X-UD5-TH,16303,graphics,true,NVIDIA-GeForce-RTX-5070-Ti,1,none,false,single,false,false,privacy-tracking-6d8c94558d-6tfjc,wasmtime,true,1768922900.941,17.95011,pod,cpu_time_seconds,Treatment
2026-01-20 15:26:50.940999985+00:00,container_cpu_usage_seconds_total,true,amd64,linux,synthetic-generator,total,energy,true,true,true,true,true,true,true,true,true,true,true,true,true,true,true,true,true,true,true,true,true,true,true,true,true,true,true,true,true,true,true,true,true,true,6,94,Intel,powersave,active,true,true,true,6.14.0-37-generic,6,14,0,true,true,true,true,true,true,ubuntu,24.04,24,04,/kubepods.slice/kubepods-besteffort.slice/kubepods-besteffort-pod254043ea_387b_46c4_9e4f_c0f5aa3557de.slice/cri-containerd-dfed7cc347bc80e6593bc72c09babda7def11f2dce70c5cc6714d995d9228955.scope,docker.io/sepidmas/reuse_scale-synthetic-generator:latest,gisele,kubernetes-nodes-cadvisor,amd64,gisele,linux,true,true,dfed7cc347bc80e6593bc72c09babda7def11f2dce70c5cc6714d995d9228955,pipeline,slow,580,95,05,580.95.05,580,95,05,13,0,13.0,13,0,1768582998,12,0,2,true,true,true,true,pre-installed,true,true,true,pod-restart-required,blackwell,Z170X-UD5-TH,16303,graphics,true,NVIDIA-GeForce-RTX-5070-Ti,1,none,false,single,false,false,synthetic-generator-5bbc957b49-dhgxd,wasmtime,true,1768922810.941,7.647272,pod,cpu_time_seconds,NoTreatment
2026-01-20 15:27:20.940999985+00:00,container_cpu_usage_seconds_total,true,amd64,linux,synthetic-generator,total,energy,true,true,true,true,true,true,true,true,true,true,true,true,true,true,true,true,true,true,true,true,true,true,true,true,true,true,true,true,true,true,true,true,true,true,6,94,Intel,powersave,active,true,true,true,6.14.0-37-generic,6,14,0,true,true,true,true,true,true,ubuntu,24.04,24,04,/kubepods.slice/kubepods-besteffort.slice/kubepods-besteffort-pod254043ea_387b_46c4_9e4f_c0f5aa3557de.slice/cri-containerd-dfed7cc347bc80e6593bc72c09babda7def11f2dce70c5cc6714d995d9228955.scope,docker.io/sepidmas/reuse_scale-synthetic-generator:latest,gisele,kubernetes-nodes-cadvisor,amd64,gisele,linux,true,true,dfed7cc347bc80e6593bc72c09babda7def11f2dce70c5cc6714d995d9228955,pipeline,slow,580,95,05,580.95.05,580,95,05,13,0,13.0,13,0,1768582998,12,0,2,true,true,true,true,pre-installed,true,true,true,pod-restart-required,blackwell,Z170X-UD5-TH,16303,graphics,true,NVIDIA-GeForce-RTX-5070-Ti,1,none,false,single,false,false,synthetic-generator-5bbc957b49-dhgxd,wasmtime,true,1768922840.941,7.650995,pod,cpu_time_seconds,Treatment
2026-01-20 15:27:50.940999985+00:00,container_cpu_usage_seconds_total,true,amd64,linux,synthetic-generator,total,energy,true,true,true,true,true,true,true,true,true,true,true,true,true,true,true,true,true,true,true,true,true,true,true,true,true,true,true,true,true,true,true,true,true,true,6,94,Intel,powersave,active,true,true,true,6.14.0-37-generic,6,14,0,true,true,true,true,true,true,ubuntu,24.04,24,04,/kubepods.slice/kubepods-besteffort.slice/kubepods-besteffort-pod254043ea_387b_46c4_9e4f_c0f5aa3557de.slice/cri-containerd-dfed7cc347bc80e6593bc72c09babda7def11f2dce70c5cc6714d995d9228955.scope,docker.io/sepidmas/reuse_scale-synthetic-generator:latest,gisele,kubernetes-nodes-cadvisor,amd64,gisele,linux,true,true,dfed7cc347bc80e6593bc72c09babda7def11f2dce70c5cc6714d995d9228955,pipeline,slow,580,95,05,580.95.05,580,95,05,13,0,13.0,13,0,1768582998,12,0,2,true,true,true,true,pre-installed,true,true,true,pod-restart-required,blackwell,Z170X-UD5-TH,16303,graphics,true,NVIDIA-GeForce-RTX-5070-Ti,1,none,false,single,false,false,synthetic-generator-5bbc957b49-dhgxd,wasmtime,true,1768922870.941,8.131268,pod,cpu_time_seconds,Treatment
2026-01-20 15:28:20.940999985+00:00,container_cpu_usage_seconds_total,true,amd64,linux,synthetic-generator,total,energy,true,true,true,true,true,true,true,true,true,true,true,true,true,true,true,true,true,true,true,true,true,true,true,true,true,true,true,true,true,true,true,true,true,true,6,94,Intel,powersave,active,true,true,true,6.14.0-37-generic,6,14,0,true,true,true,true,true,true,ubuntu,24.04,24,04,/kubepods.slice/kubepods-besteffort.slice/kubepods-besteffort-pod254043ea_387b_46c4_9e4f_c0f5aa3557de.slice/cri-containerd-dfed7cc347bc80e6593bc72c09babda7def11f2dce70c5cc6714d995d9228955.scope,docker.io/sepidmas/reuse_scale-synthetic-generator:latest,gisele,kubernetes-nodes-cadvisor,amd64,gisele,linux,true,true,dfed7cc347bc80e6593bc72c09babda7def11f2dce70c5cc6714d995d9228955,pipeline,slow,580,95,05,580.95.05,580,95,05,13,0,13.0,13,0,1768582998,12,0,2,true,true,true,true,pre-installed,true,true,true,pod-restart-required,blackwell,Z170X-UD5-TH,16303,graphics,true,NVIDIA-GeForce-RTX-5070-Ti,1,none,false,single,false,false,synthetic-generator-5bbc957b49-dhgxd,wasmtime,true,1768922900.941,8.135877,pod,cpu_time_seconds,Treatment
2026-01-20 15:27:20.940999985+00:00,container_cpu_usage_seconds_total,true,amd64,linux,wait,total,energy,true,true,true,true,true,true,true,true,true,true,true,true,true,true,true,true,true,true,true,true,true,true,true,true,true,true,true,true,true,true,true,true,true,true,6,94,Intel,powersave,active,true,true,true,6.14.0-37-generic,6,14,0,true,true,true,true,true,true,ubuntu,24.04,24,04,/kubepods.slice/kubepods-besteffort.slice/kubepods-besteffort-poda5b0a2bd_6754_49fb_9c2a_a5603f49bd98.slice/cri-containerd-ae46f4d955d727be01f764e774800f8ef5b93a3b3fe3e8948995c88c536a9223.scope,quay.io/argoproj/argoexec:v3.7.4,gisele,kubernetes-nodes-cadvisor,amd64,gisele,linux,true,true,ae46f4d955d727be01f764e774800f8ef5b93a3b3fe3e8948995c88c536a9223,pipeline,slow,580,95,05,580.95.05,580,95,05,13,0,13.0,13,0,1768582998,12,0,2,true,true,true,true,pre-installed,true,true,true,pod-restart-required,blackwell,Z170X-UD5-TH,16303,graphics,true,NVIDIA-GeForce-RTX-5070-Ti,1,none,false,single,false,false,evaluation-only-8bz5c-call-privacy-tracking-service-1897405036,wasmtime,true,1768922840.941,0.016057,pod,cpu_time_seconds,Treatment
2026-01-20 15:27:50.940999985+00:00,container_cpu_usage_seconds_total,true,amd64,linux,wait,total,energy,true,true,true,true,true,true,true,true,true,true,true,true,true,true,true,true,true,true,true,true,true,true,true,true,true,true,true,true,true,true,true,true,true,true,6,94,Intel,powersave,active,true,true,true,6.14.0-37-generic,6,14,0,true,true,true,true,true,true,ubuntu,24.04,24,04,/kubepods.slice/kubepods-besteffort.slice/kubepods-besteffort-poda5b0a2bd_6754_49fb_9c2a_a5603f49bd98.slice/cri-containerd-ae46f4d955d727be01f764e774800f8ef5b93a3b3fe3e8948995c88c536a9223.scope,quay.io/argoproj/argoexec:v3.7.4,gisele,kubernetes-nodes-cadvisor,amd64,gisele,linux,true,true,ae46f4d955d727be01f764e774800f8ef5b93a3b3fe3e8948995c88c536a9223,pipeline,slow,580,95,05,580.95.05,580,95,05,13,0,13.0,13,0,1768582998,12,0,2,true,true,true,true,pre-installed,true,true,true,pod-restart-required,blackwell,Z170X-UD5-TH,16303,graphics,true,NVIDIA-GeForce-RTX-5070-Ti,1,none,false,single,false,false,evaluation-only-8bz5c-call-privacy-tracking-service-1897405036,wasmtime,true,1768922870.941,0.016057,pod,cpu_time_seconds,Treatment
2026-01-20 15:28:20.940999985+00:00,container_cpu_usage_seconds_total,true,amd64,linux,wait,total,energy,true,true,true,true,true,true,true,true,true,true,true,true,true,true,true,true,true,true,true,true,true,true,true,true,true,true,true,true,true,true,true,true,true,true,6,94,Intel,powersave,active,true,true,true,6.14.0-37-generic,6,14,0,true,true,true,true,true,true,ubuntu,24.04,24,04,/kubepods.slice/kubepods-besteffort.slice/kubepods-besteffort-poda5b0a2bd_6754_49fb_9c2a_a5603f49bd98.slice/cri-containerd-ae46f4d955d727be01f764e774800f8ef5b93a3b3fe3e8948995c88c536a9223.scope,quay.io/argoproj/argoexec:v3.7.4,gisele,kubernetes-nodes-cadvisor,amd64,gisele,linux,true,true,ae46f4d955d727be01f764e774800f8ef5b93a3b3fe3e8948995c88c536a9223,pipeline,slow,580,95,05,580.95.05,580,95,05,13,0,13.0,13,0,1768582998,12,0,2,true,true,true,true,pre-installed,true,true,true,pod-restart-required,blackwell,Z170X-UD5-TH,16303,graphics,true,NVIDIA-GeForce-RTX-5070-Ti,1,none,false,single,false,false,evaluation-only-8bz5c-call-privacy-tracking-service-1897405036,wasmtime,true,1768922900.941,0.016057,pod,cpu_time_seconds,Treatment
2026-01-20 15:27:20.940999985+00:00,container_cpu_usage_seconds_total,true,amd64,linux,wait,total,energy,true,true,true,true,true,true,true,true,true,true,true,true,true,true,true,true,true,true,true,true,true,true,true,true,true,true,true,true,true,true,true,true,true,true,6,94,Intel,powersave,active,true,true,true,6.14.0-37-generic,6,14,0,true,true,true,true,true,true,ubuntu,24.04,24,04,/kubepods.slice/kubepods-besteffort.slice/kubepods-besteffort-poda5e2a9f1_5896_4017_a8dd_6f249e999298.slice/cri-containerd-94f2b0c5f1f55a8fdda3dd9368f48531ad86222ec4f5c9ca15cece19ce1175f7.scope,quay.io/argoproj/argoexec:v3.7.4,gisele,kubernetes-nodes-cadvisor,amd64,gisele,linux,true,true,94f2b0c5f1f55a8fdda3dd9368f48531ad86222ec4f5c9ca15cece19ce1175f7,pipeline,slow,580,95,05,580.95.05,580,95,05,13,0,13.0,13,0,1768582998,12,0,2,true,true,true,true,pre-installed,true,true,true,pod-restart-required,blackwell,Z170X-UD5-TH,16303,graphics,true,NVIDIA-GeForce-RTX-5070-Ti,1,none,false,single,false,false,parallel-evaluation-only-9qgxh-call-privacy-tracking-service-3164684379,wasmtime,true,1768922840.941,0.016071,pod,cpu_time_seconds,Treatment
2026-01-20 15:27:50.940999985+00:00,container_cpu_usage_seconds_total,true,amd64,linux,wait,total,energy,true,true,true,true,true,true,true,true,true,true,true,true,true,true,true,true,true,true,true,true,true,true,true,true,true,true,true,true,true,true,true,true,true,true,6,94,Intel,powersave,active,true,true,true,6.14.0-37-generic,6,14,0,true,true,true,true,true,true,ubuntu,24.04,24,04,/kubepods.slice/kubepods-besteffort.slice/kubepods-besteffort-poda5e2a9f1_5896_4017_a8dd_6f249e999298.slice/cri-containerd-94f2b0c5f1f55a8fdda3dd9368f48531ad86222ec4f5c9ca15cece19ce1175f7.scope,quay.io/argoproj/argoexec:v3.7.4,gisele,kubernetes-nodes-cadvisor,amd64,gisele,linux,true,true,94f2b0c5f1f55a8fdda3dd9368f48531ad86222ec4f5c9ca15cece19ce1175f7,pipeline,slow,580,95,05,580.95.05,580,95,05,13,0,13.0,13,0,1768582998,12,0,2,true,true,true,true,pre-installed,true,true,true,pod-restart-required,blackwell,Z170X-UD5-TH,16303,graphics,true,NVIDIA-GeForce-RTX-5070-Ti,1,none,false,single,false,false,parallel-evaluation-only-9qgxh-call-privacy-tracking-service-3164684379,wasmtime,true,1768922870.941,0.016071,pod,cpu_time_seconds,Treatment
2026-01-20 15:28:20.940999985+00:00,container_cpu_usage_seconds_total,true,amd64,linux,wait,total,energy,true,true,true,true,true,true,true,true,true,true,true,true,true,true,true,true,true,true,true,true,true,true,true,true,true,true,true,true,true,true,true,true,true,true,6,94,Intel,powersave,active,true,true,true,6.14.0-37-generic,6,14,0,true,true,true,true,true,true,ubuntu,24.04,24,04,/kubepods.slice/kubepods-besteffort.slice/kubepods-besteffort-poda5e2a9f1_5896_4017_a8dd_6f249e999298.slice/cri-containerd-94f2b0c5f1f55a8fdda3dd9368f48531ad86222ec4f5c9ca15cece19ce1175f7.scope,quay.io/argoproj/argoexec:v3.7.4,gisele,kubernetes-nodes-cadvisor,amd64,gisele,linux,true,true,94f2b0c5f1f55a8fdda3dd9368f48531ad86222ec4f5c9ca15cece19ce1175f7,pipeline,slow,580,95,05,580.95.05,580,95,05,13,0,13.0,13,0,1768582998,12,0,2,true,true,true,true,pre-installed,true,true,true,pod-restart-required,blackwell,Z170X-UD5-TH,16303,graphics,true,NVIDIA-GeForce-RTX-5070-Ti,1,none,false,single,false,false,parallel-evaluation-only-9qgxh-call-privacy-tracking-service-3164684379,wasmtime,true,1768922900.941,0.016071,pod,cpu_time_seconds,Treatment
