timestamp,__name__,baremetal,beta_kubernetes_io_arch,beta_kubernetes_io_os,container,cpu,env,feature_node_kubernetes_io_cpu_cpuid_AESNI,feature_node_kubernetes_io_cpu_cpuid_AVX,feature_node_kubernetes_io_cpu_cpuid_AVXSLOW,feature_node_kubernetes_io_cpu_cpuid_CMPXCHG8,feature_node_kubernetes_io_cpu_cpuid_FXSR,feature_node_kubernetes_io_cpu_cpuid_FXSROPT,feature_node_kubernetes_io_cpu_cpuid_HYPERVISOR,feature_node_kubernetes_io_cpu_cpuid_LAHF,feature_node_kubernetes_io_cpu_cpuid_OSXSAVE,feature_node_kubernetes_io_cpu_cpuid_SYSCALL,feature_node_kubernetes_io_cpu_cpuid_SYSEE,feature_node_kubernetes_io_cpu_cpuid_X87,feature_node_kubernetes_io_cpu_cpuid_XSAVE,feature_node_kubernetes_io_cpu_cpuid_XSAVEOPT,feature_node_kubernetes_io_cpu_hardware_multithreading,feature_node_kubernetes_io_cpu_model_family,feature_node_kubernetes_io_cpu_model_id,feature_node_kubernetes_io_cpu_model_vendor_id,feature_node_kubernetes_io_kernel_config_NO_HZ_FULL,feature_node_kubernetes_io_kernel_version_full,feature_node_kubernetes_io_kernel_version_major,feature_node_kubernetes_io_kernel_version_minor,feature_node_kubernetes_io_kernel_version_revision,feature_node_kubernetes_io_pci_0300_1af4_present,feature_node_kubernetes_io_pci_1af4_present,feature_node_kubernetes_io_system_os_release_ID,feature_node_kubernetes_io_system_os_release_VERSION_ID,feature_node_kubernetes_io_system_os_release_VERSION_ID_major,id,image,instance,job,kubernetes_io_arch,kubernetes_io_hostname,kubernetes_io_os,name,namespace,network,pod,scaphandre,timestamp,system_cpu_usage,layer,unit,treatment
2026-01-16 09:49:08.868000031+00:00,container_cpu_usage_seconds_total,false,amd64,linux,data-quality,total,energy,true,true,true,true,true,true,true,true,true,true,true,true,true,true,false,6,42,Intel,true,6.1.0-40-amd64,6,1,0,true,true,debian,12,12,/kubepods.slice/kubepods-besteffort.slice/kubepods-besteffort-podcf182dff_3f28_4042_930c_d61658f5e0ae.slice/cri-containerd-af39da5675734e604fd1c3313e45c3b6173b34bd11b0d6e0c5cded3cf4c88ebd.scope,docker.io/sepidmas/reuse_scale-data-quality:latest,ise-knode1,kubernetes-nodes-cadvisor,amd64,ise-knode1,linux,af39da5675734e604fd1c3313e45c3b6173b34bd11b0d6e0c5cded3cf4c88ebd,pipeline,fast,data-quality-d799c97f-nlsvf,off,1768556948.868,20.543294,pod,cpu_time_seconds,NoTreatment
2026-01-16 09:49:38.868000031+00:00,container_cpu_usage_seconds_total,false,amd64,linux,data-quality,total,energy,true,true,true,true,true,true,true,true,true,true,true,true,true,true,false,6,42,Intel,true,6.1.0-40-amd64,6,1,0,true,true,debian,12,12,/kubepods.slice/kubepods-besteffort.slice/kubepods-besteffort-podcf182dff_3f28_4042_930c_d61658f5e0ae.slice/cri-containerd-af39da5675734e604fd1c3313e45c3b6173b34bd11b0d6e0c5cded3cf4c88ebd.scope,docker.io/sepidmas/reuse_scale-data-quality:latest,ise-knode1,kubernetes-nodes-cadvisor,amd64,ise-knode1,linux,af39da5675734e604fd1c3313e45c3b6173b34bd11b0d6e0c5cded3cf4c88ebd,pipeline,fast,data-quality-d799c97f-nlsvf,off,1768556978.868,20.545801,pod,cpu_time_seconds,Treatment
2026-01-16 09:50:08.868000031+00:00,container_cpu_usage_seconds_total,false,amd64,linux,data-quality,total,energy,true,true,true,true,true,true,true,true,true,true,true,true,true,true,false,6,42,Intel,true,6.1.0-40-amd64,6,1,0,true,true,debian,12,12,/kubepods.slice/kubepods-besteffort.slice/kubepods-besteffort-podcf182dff_3f28_4042_930c_d61658f5e0ae.slice/cri-containerd-af39da5675734e604fd1c3313e45c3b6173b34bd11b0d6e0c5cded3cf4c88ebd.scope,docker.io/sepidmas/reuse_scale-data-quality:latest,ise-knode1,kubernetes-nodes-cadvisor,amd64,ise-knode1,linux,af39da5675734e604fd1c3313e45c3b6173b34bd11b0d6e0c5cded3cf4c88ebd,pipeline,fast,data-quality-d799c97f-nlsvf,off,1768557008.868,20.569418,pod,cpu_time_seconds,Treatment
2026-01-16 09:50:38.868000031+00:00,container_cpu_usage_seconds_total,false,amd64,linux,data-quality,total,energy,true,true,true,true,true,true,true,true,true,true,true,true,true,true,false,6,42,Intel,true,6.1.0-40-amd64,6,1,0,true,true,debian,12,12,/kubepods.slice/kubepods-besteffort.slice/kubepods-besteffort-podcf182dff_3f28_4042_930c_d61658f5e0ae.slice/cri-containerd-af39da5675734e604fd1c3313e45c3b6173b34bd11b0d6e0c5cded3cf4c88ebd.scope,docker.io/sepidmas/reuse_scale-data-quality:latest,ise-knode1,kubernetes-nodes-cadvisor,amd64,ise-knode1,linux,af39da5675734e604fd1c3313e45c3b6173b34bd11b0d6e0c5cded3cf4c88ebd,pipeline,fast,data-quality-d799c97f-nlsvf,off,1768557038.868,20.57554,pod,cpu_time_seconds,Treatment
2026-01-16 09:49:08.868000031+00:00,container_cpu_usage_seconds_total,false,amd64,linux,generate-id-code,total,,true,true,true,true,true,true,true,true,true,true,true,true,true,true,false,6,42,Intel,true,6.1.0-40-cloud-amd64,6,1,0,true,true,debian,12,12,/kubepods.slice/kubepods-besteffort.slice/kubepods-besteffort-pod61a7c37c_e62d_42e9_82d4_aa6f0f05a552.slice/cri-containerd-0da91e9d48cb2e7987793871785b70829131a121755157503dd5f5a8c4cde13d.scope,docker.io/sepidmas/reuse_scale-generate-id-code:latest,ise-knode3,kubernetes-nodes-cadvisor,amd64,ise-knode3,linux,0da91e9d48cb2e7987793871785b70829131a121755157503dd5f5a8c4cde13d,pipeline,fast,generate-id-598df94799-n6xd7,,1768556948.868,15.914476,pod,cpu_time_seconds,NoTreatment
2026-01-16 09:49:38.868000031+00:00,container_cpu_usage_seconds_total,false,amd64,linux,generate-id-code,total,,true,true,true,true,true,true,true,true,true,true,true,true,true,true,false,6,42,Intel,true,6.1.0-40-cloud-amd64,6,1,0,true,true,debian,12,12,/kubepods.slice/kubepods-besteffort.slice/kubepods-besteffort-pod61a7c37c_e62d_42e9_82d4_aa6f0f05a552.slice/cri-containerd-0da91e9d48cb2e7987793871785b70829131a121755157503dd5f5a8c4cde13d.scope,docker.io/sepidmas/reuse_scale-generate-id-code:latest,ise-knode3,kubernetes-nodes-cadvisor,amd64,ise-knode3,linux,0da91e9d48cb2e7987793871785b70829131a121755157503dd5f5a8c4cde13d,pipeline,fast,generate-id-598df94799-n6xd7,,1768556978.868,15.919159,pod,cpu_time_seconds,Treatment
2026-01-16 09:50:08.868000031+00:00,container_cpu_usage_seconds_total,false,amd64,linux,generate-id-code,total,,true,true,true,true,true,true,true,true,true,true,true,true,true,true,false,6,42,Intel,true,6.1.0-40-cloud-amd64,6,1,0,true,true,debian,12,12,/kubepods.slice/kubepods-besteffort.slice/kubepods-besteffort-pod61a7c37c_e62d_42e9_82d4_aa6f0f05a552.slice/cri-containerd-0da91e9d48cb2e7987793871785b70829131a121755157503dd5f5a8c4cde13d.scope,docker.io/sepidmas/reuse_scale-generate-id-code:latest,ise-knode3,kubernetes-nodes-cadvisor,amd64,ise-knode3,linux,0da91e9d48cb2e7987793871785b70829131a121755157503dd5f5a8c4cde13d,pipeline,fast,generate-id-598df94799-n6xd7,,1768557008.868,16.077171,pod,cpu_time_seconds,Treatment
2026-01-16 09:50:38.868000031+00:00,container_cpu_usage_seconds_total,false,amd64,linux,generate-id-code,total,,true,true,true,true,true,true,true,true,true,true,true,true,true,true,false,6,42,Intel,true,6.1.0-40-cloud-amd64,6,1,0,true,true,debian,12,12,/kubepods.slice/kubepods-besteffort.slice/kubepods-besteffort-pod61a7c37c_e62d_42e9_82d4_aa6f0f05a552.slice/cri-containerd-0da91e9d48cb2e7987793871785b70829131a121755157503dd5f5a8c4cde13d.scope,docker.io/sepidmas/reuse_scale-generate-id-code:latest,ise-knode3,kubernetes-nodes-cadvisor,amd64,ise-knode3,linux,0da91e9d48cb2e7987793871785b70829131a121755157503dd5f5a8c4cde13d,pipeline,fast,generate-id-598df94799-n6xd7,,1768557038.868,16.235116,pod,cpu_time_seconds,Treatment
2026-01-16 09:49:08.868000031+00:00,container_cpu_usage_seconds_total,false,amd64,linux,generate-name,total,energy,true,true,true,true,true,true,true,true,true,true,true,true,true,true,false,6,42,Intel,true,6.1.0-40-amd64,6,1,0,true,true,debian,12,12,/kubepods.slice/kubepods-besteffort.slice/kubepods-besteffort-podaf9ecca4_9d8c_418e_b3a3_7e836893c779.slice/cri-containerd-6e097639b57e0553c3127098d02d98d638f61899557f59a7909427b9623d060d.scope,docker.io/sepidmas/reuse_scale-generate-names:latest,ise-knode1,kubernetes-nodes-cadvisor,amd64,ise-knode1,linux,6e097639b57e0553c3127098d02d98d638f61899557f59a7909427b9623d060d,pipeline,fast,generate-name-84f98cfb7c-ffmbp,off,1768556948.868,12.849629,pod,cpu_time_seconds,NoTreatment
2026-01-16 09:49:38.868000031+00:00,container_cpu_usage_seconds_total,false,amd64,linux,generate-name,total,energy,true,true,true,true,true,true,true,true,true,true,true,true,true,true,false,6,42,Intel,true,6.1.0-40-amd64,6,1,0,true,true,debian,12,12,/kubepods.slice/kubepods-besteffort.slice/kubepods-besteffort-podaf9ecca4_9d8c_418e_b3a3_7e836893c779.slice/cri-containerd-6e097639b57e0553c3127098d02d98d638f61899557f59a7909427b9623d060d.scope,docker.io/sepidmas/reuse_scale-generate-names:latest,ise-knode1,kubernetes-nodes-cadvisor,amd64,ise-knode1,linux,6e097639b57e0553c3127098d02d98d638f61899557f59a7909427b9623d060d,pipeline,fast,generate-name-84f98cfb7c-ffmbp,off,1768556978.868,12.852448,pod,cpu_time_seconds,Treatment
2026-01-16 09:50:08.868000031+00:00,container_cpu_usage_seconds_total,false,amd64,linux,generate-name,total,energy,true,true,true,true,true,true,true,true,true,true,true,true,true,true,false,6,42,Intel,true,6.1.0-40-amd64,6,1,0,true,true,debian,12,12,/kubepods.slice/kubepods-besteffort.slice/kubepods-besteffort-podaf9ecca4_9d8c_418e_b3a3_7e836893c779.slice/cri-containerd-6e097639b57e0553c3127098d02d98d638f61899557f59a7909427b9623d060d.scope,docker.io/sepidmas/reuse_scale-generate-names:latest,ise-knode1,kubernetes-nodes-cadvisor,amd64,ise-knode1,linux,6e097639b57e0553c3127098d02d98d638f61899557f59a7909427b9623d060d,pipeline,fast,generate-name-84f98cfb7c-ffmbp,off,1768557008.868,12.883,pod,cpu_time_seconds,Treatment
2026-01-16 09:50:38.868000031+00:00,container_cpu_usage_seconds_total,false,amd64,linux,generate-name,total,energy,true,true,true,true,true,true,true,true,true,true,true,true,true,true,false,6,42,Intel,true,6.1.0-40-amd64,6,1,0,true,true,debian,12,12,/kubepods.slice/kubepods-besteffort.slice/kubepods-besteffort-podaf9ecca4_9d8c_418e_b3a3_7e836893c779.slice/cri-containerd-6e097639b57e0553c3127098d02d98d638f61899557f59a7909427b9623d060d.scope,docker.io/sepidmas/reuse_scale-generate-names:latest,ise-knode1,kubernetes-nodes-cadvisor,amd64,ise-knode1,linux,6e097639b57e0553c3127098d02d98d638f61899557f59a7909427b9623d060d,pipeline,fast,generate-name-84f98cfb7c-ffmbp,off,1768557038.868,12.88875,pod,cpu_time_seconds,Treatment
2026-01-16 09:49:08.868000031+00:00,container_cpu_usage_seconds_total,false,amd64,linux,load-data,total,energy,true,true,true,true,true,true,true,true,true,true,true,true,true,true,false,6,42,Intel,true,6.1.0-40-amd64,6,1,0,true,true,debian,12,12,/kubepods.slice/kubepods-besteffort.slice/kubepods-besteffort-pod71b8ce44_1dee_4a20_9224_72b27b43eb7a.slice/cri-containerd-1cc3d4fda11e27845f4df162ddbf6a6e34e1385d3fa08dc54c498e6be38716a7.scope,docker.io/sepidmas/reuse_scale-load-data:latest,ise-knode1,kubernetes-nodes-cadvisor,amd64,ise-knode1,linux,1cc3d4fda11e27845f4df162ddbf6a6e34e1385d3fa08dc54c498e6be38716a7,pipeline,fast,load-data-5d86bdd8dd-h7lj2,off,1768556948.868,10.761997,pod,cpu_time_seconds,NoTreatment
2026-01-16 09:49:38.868000031+00:00,container_cpu_usage_seconds_total,false,amd64,linux,load-data,total,energy,true,true,true,true,true,true,true,true,true,true,true,true,true,true,false,6,42,Intel,true,6.1.0-40-amd64,6,1,0,true,true,debian,12,12,/kubepods.slice/kubepods-besteffort.slice/kubepods-besteffort-pod71b8ce44_1dee_4a20_9224_72b27b43eb7a.slice/cri-containerd-1cc3d4fda11e27845f4df162ddbf6a6e34e1385d3fa08dc54c498e6be38716a7.scope,docker.io/sepidmas/reuse_scale-load-data:latest,ise-knode1,kubernetes-nodes-cadvisor,amd64,ise-knode1,linux,1cc3d4fda11e27845f4df162ddbf6a6e34e1385d3fa08dc54c498e6be38716a7,pipeline,fast,load-data-5d86bdd8dd-h7lj2,off,1768556978.868,10.777375,pod,cpu_time_seconds,Treatment
2026-01-16 09:50:08.868000031+00:00,container_cpu_usage_seconds_total,false,amd64,linux,load-data,total,energy,true,true,true,true,true,true,true,true,true,true,true,true,true,true,false,6,42,Intel,true,6.1.0-40-amd64,6,1,0,true,true,debian,12,12,/kubepods.slice/kubepods-besteffort.slice/kubepods-besteffort-pod71b8ce44_1dee_4a20_9224_72b27b43eb7a.slice/cri-containerd-1cc3d4fda11e27845f4df162ddbf6a6e34e1385d3fa08dc54c498e6be38716a7.scope,docker.io/sepidmas/reuse_scale-load-data:latest,ise-knode1,kubernetes-nodes-cadvisor,amd64,ise-knode1,linux,1cc3d4fda11e27845f4df162ddbf6a6e34e1385d3fa08dc54c498e6be38716a7,pipeline,fast,load-data-5d86bdd8dd-h7lj2,off,1768557008.868,10.786171,pod,cpu_time_seconds,Treatment
2026-01-16 09:50:38.868000031+00:00,container_cpu_usage_seconds_total,false,amd64,linux,load-data,total,energy,true,true,true,true,true,true,true,true,true,true,true,true,true,true,false,6,42,Intel,true,6.1.0-40-amd64,6,1,0,true,true,debian,12,12,/kubepods.slice/kubepods-besteffort.slice/kubepods-besteffort-pod71b8ce44_1dee_4a20_9224_72b27b43eb7a.slice/cri-containerd-1cc3d4fda11e27845f4df162ddbf6a6e34e1385d3fa08dc54c498e6be38716a7.scope,docker.io/sepidmas/reuse_scale-load-data:latest,ise-knode1,kubernetes-nodes-cadvisor,amd64,ise-knode1,linux,1cc3d4fda11e27845f4df162ddbf6a6e34e1385d3fa08dc54c498e6be38716a7,pipeline,fast,load-data-5d86bdd8dd-h7lj2,off,1768557038.868,10.789819,pod,cpu_time_seconds,Treatment
2026-01-16 09:49:38.868000031+00:00,container_cpu_usage_seconds_total,false,amd64,linux,main,total,energy,true,true,true,true,true,true,true,true,true,true,true,true,true,true,false,6,42,Intel,true,6.1.0-40-amd64,6,1,0,true,true,debian,12,12,/kubepods.slice/kubepods-besteffort.slice/kubepods-besteffort-pod7c8887f3_79ae_4c15_b062_8784eb34d41b.slice/cri-containerd-ce7d2dd8bca8a88467930beb4b85051ec173f398346973899f92601a56cc5aec.scope,docker.io/curlimages/curl:7.85.0,ise-knode1,kubernetes-nodes-cadvisor,amd64,ise-knode1,linux,ce7d2dd8bca8a88467930beb4b85051ec173f398346973899f92601a56cc5aec,pipeline,fast,evaluation-only-c7pzm-call-load-real-data-service-3355898972,off,1768556978.868,0.015901,pod,cpu_time_seconds,Treatment
2026-01-16 09:50:08.868000031+00:00,container_cpu_usage_seconds_total,false,amd64,linux,main,total,energy,true,true,true,true,true,true,true,true,true,true,true,true,true,true,false,6,42,Intel,true,6.1.0-40-amd64,6,1,0,true,true,debian,12,12,/kubepods.slice/kubepods-besteffort.slice/kubepods-besteffort-pod7c8887f3_79ae_4c15_b062_8784eb34d41b.slice/cri-containerd-ce7d2dd8bca8a88467930beb4b85051ec173f398346973899f92601a56cc5aec.scope,docker.io/curlimages/curl:7.85.0,ise-knode1,kubernetes-nodes-cadvisor,amd64,ise-knode1,linux,ce7d2dd8bca8a88467930beb4b85051ec173f398346973899f92601a56cc5aec,pipeline,fast,evaluation-only-c7pzm-call-load-real-data-service-3355898972,off,1768557008.868,0.015901,pod,cpu_time_seconds,Treatment
2026-01-16 09:50:38.868000031+00:00,container_cpu_usage_seconds_total,false,amd64,linux,main,total,energy,true,true,true,true,true,true,true,true,true,true,true,true,true,true,false,6,42,Intel,true,6.1.0-40-amd64,6,1,0,true,true,debian,12,12,/kubepods.slice/kubepods-besteffort.slice/kubepods-besteffort-pod7c8887f3_79ae_4c15_b062_8784eb34d41b.slice/cri-containerd-ce7d2dd8bca8a88467930beb4b85051ec173f398346973899f92601a56cc5aec.scope,docker.io/curlimages/curl:7.85.0,ise-knode1,kubernetes-nodes-cadvisor,amd64,ise-knode1,linux,ce7d2dd8bca8a88467930beb4b85051ec173f398346973899f92601a56cc5aec,pipeline,fast,evaluation-only-c7pzm-call-load-real-data-service-3355898972,off,1768557038.868,0.015901,pod,cpu_time_seconds,Treatment
2026-01-16 09:49:38.868000031+00:00,container_cpu_usage_seconds_total,false,amd64,linux,main,total,,true,true,true,true,true,true,true,true,true,true,true,true,true,true,false,6,42,Intel,true,6.1.0-40-cloud-amd64,6,1,0,true,true,debian,12,12,/kubepods.slice/kubepods-besteffort.slice/kubepods-besteffort-podca524949_c68f_48d0_8b2d_cbe5f9186186.slice/cri-containerd-4fd62fd5ea2e0c33c8a8410c40f6bc1a73d66d7271bdae0d9cffd940ecf09351.scope,docker.io/curlimages/curl:7.85.0,ise-knode3,kubernetes-nodes-cadvisor,amd64,ise-knode3,linux,4fd62fd5ea2e0c33c8a8410c40f6bc1a73d66d7271bdae0d9cffd940ecf09351,pipeline,fast,parallel-full-data-generation-and-evaluation-2jvkl-call-generate-birthday-service-2029178196,,1768556978.868,0.027727,pod,cpu_time_seconds,Treatment
2026-01-16 09:50:08.868000031+00:00,container_cpu_usage_seconds_total,false,amd64,linux,main,total,,true,true,true,true,true,true,true,true,true,true,true,true,true,true,false,6,42,Intel,true,6.1.0-40-cloud-amd64,6,1,0,true,true,debian,12,12,/kubepods.slice/kubepods-besteffort.slice/kubepods-besteffort-podca524949_c68f_48d0_8b2d_cbe5f9186186.slice/cri-containerd-4fd62fd5ea2e0c33c8a8410c40f6bc1a73d66d7271bdae0d9cffd940ecf09351.scope,docker.io/curlimages/curl:7.85.0,ise-knode3,kubernetes-nodes-cadvisor,amd64,ise-knode3,linux,4fd62fd5ea2e0c33c8a8410c40f6bc1a73d66d7271bdae0d9cffd940ecf09351,pipeline,fast,parallel-full-data-generation-and-evaluation-2jvkl-call-generate-birthday-service-2029178196,,1768557008.868,0.027727,pod,cpu_time_seconds,Treatment
2026-01-16 09:50:38.868000031+00:00,container_cpu_usage_seconds_total,false,amd64,linux,main,total,,true,true,true,true,true,true,true,true,true,true,true,true,true,true,false,6,42,Intel,true,6.1.0-40-cloud-amd64,6,1,0,true,true,debian,12,12,/kubepods.slice/kubepods-besteffort.slice/kubepods-besteffort-podca524949_c68f_48d0_8b2d_cbe5f9186186.slice/cri-containerd-4fd62fd5ea2e0c33c8a8410c40f6bc1a73d66d7271bdae0d9cffd940ecf09351.scope,docker.io/curlimages/curl:7.85.0,ise-knode3,kubernetes-nodes-cadvisor,amd64,ise-knode3,linux,4fd62fd5ea2e0c33c8a8410c40f6bc1a73d66d7271bdae0d9cffd940ecf09351,pipeline,fast,parallel-full-data-generation-and-evaluation-2jvkl-call-generate-birthday-service-2029178196,,1768557038.868,0.027727,pod,cpu_time_seconds,Treatment
2026-01-16 09:50:08.868000031+00:00,container_cpu_usage_seconds_total,false,amd64,linux,main,total,,true,true,true,true,true,true,true,true,true,true,true,true,true,true,false,6,42,Intel,true,6.1.0-40-cloud-amd64,6,1,0,true,true,debian,12,12,/kubepods.slice/kubepods-besteffort.slice/kubepods-besteffort-podd1bb44c8_b4ac_4bb5_a177_fc884b41109b.slice/cri-containerd-e8e63eab4ee36b3d78c7a7a5d9a1b7089031c005fade0db07b5bc91984fbbe31.scope,docker.io/curlimages/curl:7.85.0,ise-knode3,kubernetes-nodes-cadvisor,amd64,ise-knode3,linux,e8e63eab4ee36b3d78c7a7a5d9a1b7089031c005fade0db07b5bc91984fbbe31,pipeline,fast,evaluation-only-c7pzm-call-privacy-tracking-service-3380813779,,1768557008.868,0.022157,pod,cpu_time_seconds,Treatment
2026-01-16 09:50:38.868000031+00:00,container_cpu_usage_seconds_total,false,amd64,linux,main,total,,true,true,true,true,true,true,true,true,true,true,true,true,true,true,false,6,42,Intel,true,6.1.0-40-cloud-amd64,6,1,0,true,true,debian,12,12,/kubepods.slice/kubepods-besteffort.slice/kubepods-besteffort-podd1bb44c8_b4ac_4bb5_a177_fc884b41109b.slice/cri-containerd-e8e63eab4ee36b3d78c7a7a5d9a1b7089031c005fade0db07b5bc91984fbbe31.scope,docker.io/curlimages/curl:7.85.0,ise-knode3,kubernetes-nodes-cadvisor,amd64,ise-knode3,linux,e8e63eab4ee36b3d78c7a7a5d9a1b7089031c005fade0db07b5bc91984fbbe31,pipeline,fast,evaluation-only-c7pzm-call-privacy-tracking-service-3380813779,,1768557038.868,0.022157,pod,cpu_time_seconds,Treatment
2026-01-16 09:49:38.868000031+00:00,container_cpu_usage_seconds_total,false,amd64,linux,main,total,,true,true,true,true,true,true,true,true,true,true,true,true,true,true,false,6,42,Intel,true,6.1.0-40-cloud-amd64,6,1,0,true,true,debian,12,12,/kubepods.slice/kubepods-besteffort.slice/kubepods-besteffort-pode41b7964_488c_446e_825e_fecaf7ed9ec1.slice/cri-containerd-f75e24728d1a6cc701635bb31456e2f68f61e60333906273c5270b1a1ef954d1.scope,docker.io/curlimages/curl:7.85.0,ise-knode3,kubernetes-nodes-cadvisor,amd64,ise-knode3,linux,f75e24728d1a6cc701635bb31456e2f68f61e60333906273c5270b1a1ef954d1,pipeline,fast,full-data-generation-and-evaluation-j5p2p-call-generate-name-service-2825802038,,1768556978.868,0.028234,pod,cpu_time_seconds,Treatment
2026-01-16 09:50:08.868000031+00:00,container_cpu_usage_seconds_total,false,amd64,linux,main,total,,true,true,true,true,true,true,true,true,true,true,true,true,true,true,false,6,42,Intel,true,6.1.0-40-cloud-amd64,6,1,0,true,true,debian,12,12,/kubepods.slice/kubepods-besteffort.slice/kubepods-besteffort-pode41b7964_488c_446e_825e_fecaf7ed9ec1.slice/cri-containerd-f75e24728d1a6cc701635bb31456e2f68f61e60333906273c5270b1a1ef954d1.scope,docker.io/curlimages/curl:7.85.0,ise-knode3,kubernetes-nodes-cadvisor,amd64,ise-knode3,linux,f75e24728d1a6cc701635bb31456e2f68f61e60333906273c5270b1a1ef954d1,pipeline,fast,full-data-generation-and-evaluation-j5p2p-call-generate-name-service-2825802038,,1768557008.868,0.028234,pod,cpu_time_seconds,Treatment
2026-01-16 09:50:38.868000031+00:00,container_cpu_usage_seconds_total,false,amd64,linux,main,total,,true,true,true,true,true,true,true,true,true,true,true,true,true,true,false,6,42,Intel,true,6.1.0-40-cloud-amd64,6,1,0,true,true,debian,12,12,/kubepods.slice/kubepods-besteffort.slice/kubepods-besteffort-pode41b7964_488c_446e_825e_fecaf7ed9ec1.slice/cri-containerd-f75e24728d1a6cc701635bb31456e2f68f61e60333906273c5270b1a1ef954d1.scope,docker.io/curlimages/curl:7.85.0,ise-knode3,kubernetes-nodes-cadvisor,amd64,ise-knode3,linux,f75e24728d1a6cc701635bb31456e2f68f61e60333906273c5270b1a1ef954d1,pipeline,fast,full-data-generation-and-evaluation-j5p2p-call-generate-name-service-2825802038,,1768557038.868,0.028234,pod,cpu_time_seconds,Treatment
2026-01-16 09:50:38.868000031+00:00,container_cpu_usage_seconds_total,false,amd64,linux,main,total,,true,true,true,true,true,true,true,true,true,true,true,true,true,true,false,6,42,Intel,true,6.1.0-40-cloud-amd64,6,1,0,true,true,debian,12,12,/kubepods.slice/kubepods-besteffort.slice/kubepods-besteffort-podeabf7596_5e4b_4cf5_b108_11ff3648726f.slice/cri-containerd-65704ee9f78740c88acf42ca842e016f1b5ddebbbb713514d407f0cfcbe533d1.scope,docker.io/curlimages/curl:7.85.0,ise-knode3,kubernetes-nodes-cadvisor,amd64,ise-knode3,linux,65704ee9f78740c88acf42ca842e016f1b5ddebbbb713514d407f0cfcbe533d1,pipeline,fast,parallel-full-data-generation-and-evaluation-2jvkl-call-synthetic-generator-service-2284208035,,1768557038.868,0.020998,pod,cpu_time_seconds,Treatment
2026-01-16 09:49:08.868000031+00:00,container_cpu_usage_seconds_total,false,amd64,linux,privacy-tracking,total,energy,true,true,true,true,true,true,true,true,true,true,true,true,true,true,false,6,42,Intel,true,6.1.0-40-amd64,6,1,0,true,true,debian,12,12,/kubepods.slice/kubepods-besteffort.slice/kubepods-besteffort-pod0466b697_faf4_4a1b_acae_5bb57c116998.slice/cri-containerd-cfa8a655364dcb0f1cc12e57b39cf149b981d08e2dca0065ce6a47e5fff82554.scope,docker.io/sepidmas/reuse_scale-privacy-tracking:latest,ise-knode1,kubernetes-nodes-cadvisor,amd64,ise-knode1,linux,cfa8a655364dcb0f1cc12e57b39cf149b981d08e2dca0065ce6a47e5fff82554,pipeline,fast,privacy-tracking-5dd84879cb-7m5qk,off,1768556948.868,42.032259,pod,cpu_time_seconds,NoTreatment
2026-01-16 09:49:38.868000031+00:00,container_cpu_usage_seconds_total,false,amd64,linux,privacy-tracking,total,energy,true,true,true,true,true,true,true,true,true,true,true,true,true,true,false,6,42,Intel,true,6.1.0-40-amd64,6,1,0,true,true,debian,12,12,/kubepods.slice/kubepods-besteffort.slice/kubepods-besteffort-pod0466b697_faf4_4a1b_acae_5bb57c116998.slice/cri-containerd-cfa8a655364dcb0f1cc12e57b39cf149b981d08e2dca0065ce6a47e5fff82554.scope,docker.io/sepidmas/reuse_scale-privacy-tracking:latest,ise-knode1,kubernetes-nodes-cadvisor,amd64,ise-knode1,linux,cfa8a655364dcb0f1cc12e57b39cf149b981d08e2dca0065ce6a47e5fff82554,pipeline,fast,privacy-tracking-5dd84879cb-7m5qk,off,1768556978.868,42.038886,pod,cpu_time_seconds,Treatment
2026-01-16 09:50:08.868000031+00:00,container_cpu_usage_seconds_total,false,amd64,linux,privacy-tracking,total,energy,true,true,true,true,true,true,true,true,true,true,true,true,true,true,false,6,42,Intel,true,6.1.0-40-amd64,6,1,0,true,true,debian,12,12,/kubepods.slice/kubepods-besteffort.slice/kubepods-besteffort-pod0466b697_faf4_4a1b_acae_5bb57c116998.slice/cri-containerd-cfa8a655364dcb0f1cc12e57b39cf149b981d08e2dca0065ce6a47e5fff82554.scope,docker.io/sepidmas/reuse_scale-privacy-tracking:latest,ise-knode1,kubernetes-nodes-cadvisor,amd64,ise-knode1,linux,cfa8a655364dcb0f1cc12e57b39cf149b981d08e2dca0065ce6a47e5fff82554,pipeline,fast,privacy-tracking-5dd84879cb-7m5qk,off,1768557008.868,49.325247,pod,cpu_time_seconds,Treatment
2026-01-16 09:50:38.868000031+00:00,container_cpu_usage_seconds_total,false,amd64,linux,privacy-tracking,total,energy,true,true,true,true,true,true,true,true,true,true,true,true,true,true,false,6,42,Intel,true,6.1.0-40-amd64,6,1,0,true,true,debian,12,12,/kubepods.slice/kubepods-besteffort.slice/kubepods-besteffort-pod0466b697_faf4_4a1b_acae_5bb57c116998.slice/cri-containerd-cfa8a655364dcb0f1cc12e57b39cf149b981d08e2dca0065ce6a47e5fff82554.scope,docker.io/sepidmas/reuse_scale-privacy-tracking:latest,ise-knode1,kubernetes-nodes-cadvisor,amd64,ise-knode1,linux,cfa8a655364dcb0f1cc12e57b39cf149b981d08e2dca0065ce6a47e5fff82554,pipeline,fast,privacy-tracking-5dd84879cb-7m5qk,off,1768557038.868,49.332133,pod,cpu_time_seconds,Treatment
2026-01-16 09:49:08.868000031+00:00,container_cpu_usage_seconds_total,false,amd64,linux,synthetic-generator,total,,true,true,true,true,true,true,true,true,true,true,true,true,true,true,false,6,42,Intel,true,6.1.0-40-cloud-amd64,6,1,0,true,true,debian,12,12,/kubepods.slice/kubepods-besteffort.slice/kubepods-besteffort-podee466a58_b6a7_40d8_8dc3_f0d91b9df4a5.slice/cri-containerd-ffaad9efe89c462e33b1564757ba438dc5ff5591f9fc7e597a210df5b67287c7.scope,docker.io/sepidmas/reuse_scale-synthetic-generator:latest,ise-knode3,kubernetes-nodes-cadvisor,amd64,ise-knode3,linux,ffaad9efe89c462e33b1564757ba438dc5ff5591f9fc7e597a210df5b67287c7,pipeline,fast,synthetic-generator-857d57f749-6p2s7,,1768556948.868,43.539137,pod,cpu_time_seconds,NoTreatment
2026-01-16 09:49:38.868000031+00:00,container_cpu_usage_seconds_total,false,amd64,linux,synthetic-generator,total,,true,true,true,true,true,true,true,true,true,true,true,true,true,true,false,6,42,Intel,true,6.1.0-40-cloud-amd64,6,1,0,true,true,debian,12,12,/kubepods.slice/kubepods-besteffort.slice/kubepods-besteffort-podee466a58_b6a7_40d8_8dc3_f0d91b9df4a5.slice/cri-containerd-ffaad9efe89c462e33b1564757ba438dc5ff5591f9fc7e597a210df5b67287c7.scope,docker.io/sepidmas/reuse_scale-synthetic-generator:latest,ise-knode3,kubernetes-nodes-cadvisor,amd64,ise-knode3,linux,ffaad9efe89c462e33b1564757ba438dc5ff5591f9fc7e597a210df5b67287c7,pipeline,fast,synthetic-generator-857d57f749-6p2s7,,1768556978.868,43.545937,pod,cpu_time_seconds,Treatment
2026-01-16 09:50:08.868000031+00:00,container_cpu_usage_seconds_total,false,amd64,linux,synthetic-generator,total,,true,true,true,true,true,true,true,true,true,true,true,true,true,true,false,6,42,Intel,true,6.1.0-40-cloud-amd64,6,1,0,true,true,debian,12,12,/kubepods.slice/kubepods-besteffort.slice/kubepods-besteffort-podee466a58_b6a7_40d8_8dc3_f0d91b9df4a5.slice/cri-containerd-ffaad9efe89c462e33b1564757ba438dc5ff5591f9fc7e597a210df5b67287c7.scope,docker.io/sepidmas/reuse_scale-synthetic-generator:latest,ise-knode3,kubernetes-nodes-cadvisor,amd64,ise-knode3,linux,ffaad9efe89c462e33b1564757ba438dc5ff5591f9fc7e597a210df5b67287c7,pipeline,fast,synthetic-generator-857d57f749-6p2s7,,1768557008.868,54.477334,pod,cpu_time_seconds,Treatment
2026-01-16 09:50:38.868000031+00:00,container_cpu_usage_seconds_total,false,amd64,linux,synthetic-generator,total,,true,true,true,true,true,true,true,true,true,true,true,true,true,true,false,6,42,Intel,true,6.1.0-40-cloud-amd64,6,1,0,true,true,debian,12,12,/kubepods.slice/kubepods-besteffort.slice/kubepods-besteffort-podee466a58_b6a7_40d8_8dc3_f0d91b9df4a5.slice/cri-containerd-ffaad9efe89c462e33b1564757ba438dc5ff5591f9fc7e597a210df5b67287c7.scope,docker.io/sepidmas/reuse_scale-synthetic-generator:latest,ise-knode3,kubernetes-nodes-cadvisor,amd64,ise-knode3,linux,ffaad9efe89c462e33b1564757ba438dc5ff5591f9fc7e597a210df5b67287c7,pipeline,fast,synthetic-generator-857d57f749-6p2s7,,1768557038.868,54.48986,pod,cpu_time_seconds,Treatment
2026-01-16 09:49:38.868000031+00:00,container_cpu_usage_seconds_total,false,amd64,linux,wait,total,energy,true,true,true,true,true,true,true,true,true,true,true,true,true,true,false,6,42,Intel,true,6.1.0-40-amd64,6,1,0,true,true,debian,12,12,/kubepods.slice/kubepods-besteffort.slice/kubepods-besteffort-pod7c8887f3_79ae_4c15_b062_8784eb34d41b.slice/cri-containerd-18eeaf0e16f0552022c62a904ac53c0964910c8e91995bbac13d9c4a910ffb79.scope,quay.io/argoproj/argoexec:v3.7.4,ise-knode1,kubernetes-nodes-cadvisor,amd64,ise-knode1,linux,18eeaf0e16f0552022c62a904ac53c0964910c8e91995bbac13d9c4a910ffb79,pipeline,fast,evaluation-only-c7pzm-call-load-real-data-service-3355898972,off,1768556978.868,0.015131,pod,cpu_time_seconds,Treatment
2026-01-16 09:50:08.868000031+00:00,container_cpu_usage_seconds_total,false,amd64,linux,wait,total,energy,true,true,true,true,true,true,true,true,true,true,true,true,true,true,false,6,42,Intel,true,6.1.0-40-amd64,6,1,0,true,true,debian,12,12,/kubepods.slice/kubepods-besteffort.slice/kubepods-besteffort-pod7c8887f3_79ae_4c15_b062_8784eb34d41b.slice/cri-containerd-18eeaf0e16f0552022c62a904ac53c0964910c8e91995bbac13d9c4a910ffb79.scope,quay.io/argoproj/argoexec:v3.7.4,ise-knode1,kubernetes-nodes-cadvisor,amd64,ise-knode1,linux,18eeaf0e16f0552022c62a904ac53c0964910c8e91995bbac13d9c4a910ffb79,pipeline,fast,evaluation-only-c7pzm-call-load-real-data-service-3355898972,off,1768557008.868,0.015131,pod,cpu_time_seconds,Treatment
2026-01-16 09:50:38.868000031+00:00,container_cpu_usage_seconds_total,false,amd64,linux,wait,total,energy,true,true,true,true,true,true,true,true,true,true,true,true,true,true,false,6,42,Intel,true,6.1.0-40-amd64,6,1,0,true,true,debian,12,12,/kubepods.slice/kubepods-besteffort.slice/kubepods-besteffort-pod7c8887f3_79ae_4c15_b062_8784eb34d41b.slice/cri-containerd-18eeaf0e16f0552022c62a904ac53c0964910c8e91995bbac13d9c4a910ffb79.scope,quay.io/argoproj/argoexec:v3.7.4,ise-knode1,kubernetes-nodes-cadvisor,amd64,ise-knode1,linux,18eeaf0e16f0552022c62a904ac53c0964910c8e91995bbac13d9c4a910ffb79,pipeline,fast,evaluation-only-c7pzm-call-load-real-data-service-3355898972,off,1768557038.868,0.015131,pod,cpu_time_seconds,Treatment
2026-01-16 09:50:08.868000031+00:00,container_cpu_usage_seconds_total,false,amd64,linux,wait,total,energy,true,true,true,true,true,true,true,true,true,true,true,true,true,true,false,6,42,Intel,true,6.1.0-40-amd64,6,1,0,true,true,debian,12,12,/kubepods.slice/kubepods-besteffort.slice/kubepods-besteffort-pode7b6cf22_5137_46bb_b716_86b908efe8c6.slice/cri-containerd-c73a5504bf8549f61da978b7436a9c4f23e85edd923093327c77a4930550fe6e.scope,quay.io/argoproj/argoexec:v3.7.4,ise-knode1,kubernetes-nodes-cadvisor,amd64,ise-knode1,linux,c73a5504bf8549f61da978b7436a9c4f23e85edd923093327c77a4930550fe6e,pipeline,fast,synthesize-only-qtszk-call-synthetic-generator-service-3608881008,off,1768557008.868,0.012785,pod,cpu_time_seconds,Treatment
2026-01-16 09:50:38.868000031+00:00,container_cpu_usage_seconds_total,false,amd64,linux,wait,total,energy,true,true,true,true,true,true,true,true,true,true,true,true,true,true,false,6,42,Intel,true,6.1.0-40-amd64,6,1,0,true,true,debian,12,12,/kubepods.slice/kubepods-besteffort.slice/kubepods-besteffort-pode7b6cf22_5137_46bb_b716_86b908efe8c6.slice/cri-containerd-c73a5504bf8549f61da978b7436a9c4f23e85edd923093327c77a4930550fe6e.scope,quay.io/argoproj/argoexec:v3.7.4,ise-knode1,kubernetes-nodes-cadvisor,amd64,ise-knode1,linux,c73a5504bf8549f61da978b7436a9c4f23e85edd923093327c77a4930550fe6e,pipeline,fast,synthesize-only-qtszk-call-synthetic-generator-service-3608881008,off,1768557038.868,0.012785,pod,cpu_time_seconds,Treatment
2026-01-16 09:50:38.868000031+00:00,container_cpu_usage_seconds_total,false,amd64,linux,wait,total,,true,true,true,true,true,true,true,true,true,true,true,true,true,true,false,6,42,Intel,true,6.1.0-40-cloud-amd64,6,1,0,true,true,debian,12,12,/kubepods.slice/kubepods-besteffort.slice/kubepods-besteffort-pod4e17753e_0468_4b42_9f10_7368a5d4310e.slice/cri-containerd-064669d1b0a7adf836471c5a0300c5b8f89be0a2955d273c264d5dcce7ee137e.scope,quay.io/argoproj/argoexec:v3.7.4,ise-knode3,kubernetes-nodes-cadvisor,amd64,ise-knode3,linux,064669d1b0a7adf836471c5a0300c5b8f89be0a2955d273c264d5dcce7ee137e,pipeline,fast,parallel-full-data-generation-and-evaluation-2jvkl-call-privacy-tracking-service-927638439,,1768557038.868,0.021792,pod,cpu_time_seconds,Treatment
2026-01-16 09:49:38.868000031+00:00,container_cpu_usage_seconds_total,false,amd64,linux,wait,total,,true,true,true,true,true,true,true,true,true,true,true,true,true,true,false,6,42,Intel,true,6.1.0-40-cloud-amd64,6,1,0,true,true,debian,12,12,/kubepods.slice/kubepods-besteffort.slice/kubepods-besteffort-podca524949_c68f_48d0_8b2d_cbe5f9186186.slice/cri-containerd-866a8a5d01f110e426ae6165af6703a39cd5787fb3d1020c15d302a5b232ee55.scope,quay.io/argoproj/argoexec:v3.7.4,ise-knode3,kubernetes-nodes-cadvisor,amd64,ise-knode3,linux,866a8a5d01f110e426ae6165af6703a39cd5787fb3d1020c15d302a5b232ee55,pipeline,fast,parallel-full-data-generation-and-evaluation-2jvkl-call-generate-birthday-service-2029178196,,1768556978.868,0.034208,pod,cpu_time_seconds,Treatment
2026-01-16 09:50:08.868000031+00:00,container_cpu_usage_seconds_total,false,amd64,linux,wait,total,,true,true,true,true,true,true,true,true,true,true,true,true,true,true,false,6,42,Intel,true,6.1.0-40-cloud-amd64,6,1,0,true,true,debian,12,12,/kubepods.slice/kubepods-besteffort.slice/kubepods-besteffort-podca524949_c68f_48d0_8b2d_cbe5f9186186.slice/cri-containerd-866a8a5d01f110e426ae6165af6703a39cd5787fb3d1020c15d302a5b232ee55.scope,quay.io/argoproj/argoexec:v3.7.4,ise-knode3,kubernetes-nodes-cadvisor,amd64,ise-knode3,linux,866a8a5d01f110e426ae6165af6703a39cd5787fb3d1020c15d302a5b232ee55,pipeline,fast,parallel-full-data-generation-and-evaluation-2jvkl-call-generate-birthday-service-2029178196,,1768557008.868,0.034208,pod,cpu_time_seconds,Treatment
2026-01-16 09:50:38.868000031+00:00,container_cpu_usage_seconds_total,false,amd64,linux,wait,total,,true,true,true,true,true,true,true,true,true,true,true,true,true,true,false,6,42,Intel,true,6.1.0-40-cloud-amd64,6,1,0,true,true,debian,12,12,/kubepods.slice/kubepods-besteffort.slice/kubepods-besteffort-podca524949_c68f_48d0_8b2d_cbe5f9186186.slice/cri-containerd-866a8a5d01f110e426ae6165af6703a39cd5787fb3d1020c15d302a5b232ee55.scope,quay.io/argoproj/argoexec:v3.7.4,ise-knode3,kubernetes-nodes-cadvisor,amd64,ise-knode3,linux,866a8a5d01f110e426ae6165af6703a39cd5787fb3d1020c15d302a5b232ee55,pipeline,fast,parallel-full-data-generation-and-evaluation-2jvkl-call-generate-birthday-service-2029178196,,1768557038.868,0.034208,pod,cpu_time_seconds,Treatment
2026-01-16 09:50:08.868000031+00:00,container_cpu_usage_seconds_total,false,amd64,linux,wait,total,,true,true,true,true,true,true,true,true,true,true,true,true,true,true,false,6,42,Intel,true,6.1.0-40-cloud-amd64,6,1,0,true,true,debian,12,12,/kubepods.slice/kubepods-besteffort.slice/kubepods-besteffort-podd1bb44c8_b4ac_4bb5_a177_fc884b41109b.slice/cri-containerd-a82a681795181a0d054f65dfd2314b0f96d3fc1df28348c73e1703f787102f2b.scope,quay.io/argoproj/argoexec:v3.7.4,ise-knode3,kubernetes-nodes-cadvisor,amd64,ise-knode3,linux,a82a681795181a0d054f65dfd2314b0f96d3fc1df28348c73e1703f787102f2b,pipeline,fast,evaluation-only-c7pzm-call-privacy-tracking-service-3380813779,,1768557008.868,0.022369,pod,cpu_time_seconds,Treatment
2026-01-16 09:50:38.868000031+00:00,container_cpu_usage_seconds_total,false,amd64,linux,wait,total,,true,true,true,true,true,true,true,true,true,true,true,true,true,true,false,6,42,Intel,true,6.1.0-40-cloud-amd64,6,1,0,true,true,debian,12,12,/kubepods.slice/kubepods-besteffort.slice/kubepods-besteffort-podd1bb44c8_b4ac_4bb5_a177_fc884b41109b.slice/cri-containerd-a82a681795181a0d054f65dfd2314b0f96d3fc1df28348c73e1703f787102f2b.scope,quay.io/argoproj/argoexec:v3.7.4,ise-knode3,kubernetes-nodes-cadvisor,amd64,ise-knode3,linux,a82a681795181a0d054f65dfd2314b0f96d3fc1df28348c73e1703f787102f2b,pipeline,fast,evaluation-only-c7pzm-call-privacy-tracking-service-3380813779,,1768557038.868,0.022369,pod,cpu_time_seconds,Treatment
2026-01-16 09:49:38.868000031+00:00,container_cpu_usage_seconds_total,false,amd64,linux,wait,total,,true,true,true,true,true,true,true,true,true,true,true,true,true,true,false,6,42,Intel,true,6.1.0-40-cloud-amd64,6,1,0,true,true,debian,12,12,/kubepods.slice/kubepods-besteffort.slice/kubepods-besteffort-pode41b7964_488c_446e_825e_fecaf7ed9ec1.slice/cri-containerd-39a3195013fef71ab92c99fc412873d32281a8451d4fc5aa027ee599193b5863.scope,quay.io/argoproj/argoexec:v3.7.4,ise-knode3,kubernetes-nodes-cadvisor,amd64,ise-knode3,linux,39a3195013fef71ab92c99fc412873d32281a8451d4fc5aa027ee599193b5863,pipeline,fast,full-data-generation-and-evaluation-j5p2p-call-generate-name-service-2825802038,,1768556978.868,0.02486,pod,cpu_time_seconds,Treatment
2026-01-16 09:50:08.868000031+00:00,container_cpu_usage_seconds_total,false,amd64,linux,wait,total,,true,true,true,true,true,true,true,true,true,true,true,true,true,true,false,6,42,Intel,true,6.1.0-40-cloud-amd64,6,1,0,true,true,debian,12,12,/kubepods.slice/kubepods-besteffort.slice/kubepods-besteffort-pode41b7964_488c_446e_825e_fecaf7ed9ec1.slice/cri-containerd-39a3195013fef71ab92c99fc412873d32281a8451d4fc5aa027ee599193b5863.scope,quay.io/argoproj/argoexec:v3.7.4,ise-knode3,kubernetes-nodes-cadvisor,amd64,ise-knode3,linux,39a3195013fef71ab92c99fc412873d32281a8451d4fc5aa027ee599193b5863,pipeline,fast,full-data-generation-and-evaluation-j5p2p-call-generate-name-service-2825802038,,1768557008.868,0.02486,pod,cpu_time_seconds,Treatment
2026-01-16 09:50:38.868000031+00:00,container_cpu_usage_seconds_total,false,amd64,linux,wait,total,,true,true,true,true,true,true,true,true,true,true,true,true,true,true,false,6,42,Intel,true,6.1.0-40-cloud-amd64,6,1,0,true,true,debian,12,12,/kubepods.slice/kubepods-besteffort.slice/kubepods-besteffort-pode41b7964_488c_446e_825e_fecaf7ed9ec1.slice/cri-containerd-39a3195013fef71ab92c99fc412873d32281a8451d4fc5aa027ee599193b5863.scope,quay.io/argoproj/argoexec:v3.7.4,ise-knode3,kubernetes-nodes-cadvisor,amd64,ise-knode3,linux,39a3195013fef71ab92c99fc412873d32281a8451d4fc5aa027ee599193b5863,pipeline,fast,full-data-generation-and-evaluation-j5p2p-call-generate-name-service-2825802038,,1768557038.868,0.02486,pod,cpu_time_seconds,Treatment
2026-01-16 09:50:38.868000031+00:00,container_cpu_usage_seconds_total,false,amd64,linux,wait,total,,true,true,true,true,true,true,true,true,true,true,true,true,true,true,false,6,42,Intel,true,6.1.0-40-cloud-amd64,6,1,0,true,true,debian,12,12,/kubepods.slice/kubepods-besteffort.slice/kubepods-besteffort-podeabf7596_5e4b_4cf5_b108_11ff3648726f.slice/cri-containerd-5664c63217b813f21d6eba85f56c12db6b1185864251f216fed11a8e65ed1fe9.scope,quay.io/argoproj/argoexec:v3.7.4,ise-knode3,kubernetes-nodes-cadvisor,amd64,ise-knode3,linux,5664c63217b813f21d6eba85f56c12db6b1185864251f216fed11a8e65ed1fe9,pipeline,fast,parallel-full-data-generation-and-evaluation-2jvkl-call-synthetic-generator-service-2284208035,,1768557038.868,0.021946,pod,cpu_time_seconds,Treatment
2026-01-16 09:49:38.868000031+00:00,container_cpu_usage_seconds_total,true,amd64,linux,wait,total,energy,true,true,,true,true,true,,true,true,true,true,true,true,true,true,23,113,AMD,true,6.1.0-40-amd64,6,1,0,,,debian,12,12,/kubepods.slice/kubepods-besteffort.slice/kubepods-besteffort-pod07b2d19b_f397_4c83_8709_791bb844941e.slice/cri-containerd-e9dc19b4ef0a977f90946ea46dc87ce3ce38f98a1d1b72dc3366ba6dd23526e1.scope,quay.io/argoproj/argoexec:v3.7.4,sm-gpu,kubernetes-nodes-cadvisor,amd64,sm-gpu,linux,e9dc19b4ef0a977f90946ea46dc87ce3ce38f98a1d1b72dc3366ba6dd23526e1,pipeline,slow,parallel-evaluation-only-ch9d8-call-load-real-data-service-1810995125,true,1768556978.868,0.010079,pod,cpu_time_seconds,Treatment
2026-01-16 09:50:08.868000031+00:00,container_cpu_usage_seconds_total,true,amd64,linux,wait,total,energy,true,true,,true,true,true,,true,true,true,true,true,true,true,true,23,113,AMD,true,6.1.0-40-amd64,6,1,0,,,debian,12,12,/kubepods.slice/kubepods-besteffort.slice/kubepods-besteffort-pod07b2d19b_f397_4c83_8709_791bb844941e.slice/cri-containerd-e9dc19b4ef0a977f90946ea46dc87ce3ce38f98a1d1b72dc3366ba6dd23526e1.scope,quay.io/argoproj/argoexec:v3.7.4,sm-gpu,kubernetes-nodes-cadvisor,amd64,sm-gpu,linux,e9dc19b4ef0a977f90946ea46dc87ce3ce38f98a1d1b72dc3366ba6dd23526e1,pipeline,slow,parallel-evaluation-only-ch9d8-call-load-real-data-service-1810995125,true,1768557008.868,0.010079,pod,cpu_time_seconds,Treatment
2026-01-16 09:50:38.868000031+00:00,container_cpu_usage_seconds_total,true,amd64,linux,wait,total,energy,true,true,,true,true,true,,true,true,true,true,true,true,true,true,23,113,AMD,true,6.1.0-40-amd64,6,1,0,,,debian,12,12,/kubepods.slice/kubepods-besteffort.slice/kubepods-besteffort-pod07b2d19b_f397_4c83_8709_791bb844941e.slice/cri-containerd-e9dc19b4ef0a977f90946ea46dc87ce3ce38f98a1d1b72dc3366ba6dd23526e1.scope,quay.io/argoproj/argoexec:v3.7.4,sm-gpu,kubernetes-nodes-cadvisor,amd64,sm-gpu,linux,e9dc19b4ef0a977f90946ea46dc87ce3ce38f98a1d1b72dc3366ba6dd23526e1,pipeline,slow,parallel-evaluation-only-ch9d8-call-load-real-data-service-1810995125,true,1768557038.868,0.010079,pod,cpu_time_seconds,Treatment
2026-01-16 09:49:08.868000031+00:00,container_cpu_usage_seconds_total,,amd64,linux,data-preprocess,total,,true,true,true,true,true,true,true,true,true,true,true,true,true,true,false,6,42,Intel,true,6.1.0-41-cloud-amd64,6,1,0,true,true,debian,12,12,/kubepods.slice/kubepods-besteffort.slice/kubepods-besteffort-podb3e97e75_37d3_490b_91a9_d4adc20fe5bc.slice/cri-containerd-5a725ce01421c3e63f9935b5444f8473a87aceb1cf79febff2fab02266806312.scope,docker.io/sepidmas/reuse_scale-data-preprocessor:latest,ise-knode2,kubernetes-nodes-cadvisor,amd64,ise-knode2,linux,5a725ce01421c3e63f9935b5444f8473a87aceb1cf79febff2fab02266806312,pipeline,fast,data-preprocess-7bbb9c67fb-bmtnb,,1768556948.868,22.007864,pod,cpu_time_seconds,NoTreatment
2026-01-16 09:49:38.868000031+00:00,container_cpu_usage_seconds_total,,amd64,linux,data-preprocess,total,,true,true,true,true,true,true,true,true,true,true,true,true,true,true,false,6,42,Intel,true,6.1.0-41-cloud-amd64,6,1,0,true,true,debian,12,12,/kubepods.slice/kubepods-besteffort.slice/kubepods-besteffort-podb3e97e75_37d3_490b_91a9_d4adc20fe5bc.slice/cri-containerd-5a725ce01421c3e63f9935b5444f8473a87aceb1cf79febff2fab02266806312.scope,docker.io/sepidmas/reuse_scale-data-preprocessor:latest,ise-knode2,kubernetes-nodes-cadvisor,amd64,ise-knode2,linux,5a725ce01421c3e63f9935b5444f8473a87aceb1cf79febff2fab02266806312,pipeline,fast,data-preprocess-7bbb9c67fb-bmtnb,,1768556978.868,22.013846,pod,cpu_time_seconds,Treatment
2026-01-16 09:50:08.868000031+00:00,container_cpu_usage_seconds_total,,amd64,linux,data-preprocess,total,,true,true,true,true,true,true,true,true,true,true,true,true,true,true,false,6,42,Intel,true,6.1.0-41-cloud-amd64,6,1,0,true,true,debian,12,12,/kubepods.slice/kubepods-besteffort.slice/kubepods-besteffort-podb3e97e75_37d3_490b_91a9_d4adc20fe5bc.slice/cri-containerd-5a725ce01421c3e63f9935b5444f8473a87aceb1cf79febff2fab02266806312.scope,docker.io/sepidmas/reuse_scale-data-preprocessor:latest,ise-knode2,kubernetes-nodes-cadvisor,amd64,ise-knode2,linux,5a725ce01421c3e63f9935b5444f8473a87aceb1cf79febff2fab02266806312,pipeline,fast,data-preprocess-7bbb9c67fb-bmtnb,,1768557008.868,22.023463,pod,cpu_time_seconds,Treatment
2026-01-16 09:50:38.868000031+00:00,container_cpu_usage_seconds_total,,amd64,linux,data-preprocess,total,,true,true,true,true,true,true,true,true,true,true,true,true,true,true,false,6,42,Intel,true,6.1.0-41-cloud-amd64,6,1,0,true,true,debian,12,12,/kubepods.slice/kubepods-besteffort.slice/kubepods-besteffort-podb3e97e75_37d3_490b_91a9_d4adc20fe5bc.slice/cri-containerd-5a725ce01421c3e63f9935b5444f8473a87aceb1cf79febff2fab02266806312.scope,docker.io/sepidmas/reuse_scale-data-preprocessor:latest,ise-knode2,kubernetes-nodes-cadvisor,amd64,ise-knode2,linux,5a725ce01421c3e63f9935b5444f8473a87aceb1cf79febff2fab02266806312,pipeline,fast,data-preprocess-7bbb9c67fb-bmtnb,,1768557038.868,22.032552,pod,cpu_time_seconds,Treatment
2026-01-16 09:49:08.868000031+00:00,container_cpu_usage_seconds_total,,amd64,linux,generate-address,total,,true,true,true,true,true,true,true,true,true,true,true,true,true,true,false,6,42,Intel,true,6.1.0-41-cloud-amd64,6,1,0,true,true,debian,12,12,/kubepods.slice/kubepods-besteffort.slice/kubepods-besteffort-pod3c32f0ee_2b38_4fac_b7ca_833173a4de8c.slice/cri-containerd-3d3ac9f2db02d467ef3ceb3b21f7ff8a421321bea898a911e04049f3ae379a41.scope,docker.io/sepidmas/reuse_scale-generate-address:latest,ise-knode2,kubernetes-nodes-cadvisor,amd64,ise-knode2,linux,3d3ac9f2db02d467ef3ceb3b21f7ff8a421321bea898a911e04049f3ae379a41,pipeline,fast,generate-address-7d58d5bb8-mgfgf,,1768556948.868,14.637817,pod,cpu_time_seconds,NoTreatment
2026-01-16 09:49:38.868000031+00:00,container_cpu_usage_seconds_total,,amd64,linux,generate-address,total,,true,true,true,true,true,true,true,true,true,true,true,true,true,true,false,6,42,Intel,true,6.1.0-41-cloud-amd64,6,1,0,true,true,debian,12,12,/kubepods.slice/kubepods-besteffort.slice/kubepods-besteffort-pod3c32f0ee_2b38_4fac_b7ca_833173a4de8c.slice/cri-containerd-3d3ac9f2db02d467ef3ceb3b21f7ff8a421321bea898a911e04049f3ae379a41.scope,docker.io/sepidmas/reuse_scale-generate-address:latest,ise-knode2,kubernetes-nodes-cadvisor,amd64,ise-knode2,linux,3d3ac9f2db02d467ef3ceb3b21f7ff8a421321bea898a911e04049f3ae379a41,pipeline,fast,generate-address-7d58d5bb8-mgfgf,,1768556978.868,14.653765,pod,cpu_time_seconds,Treatment
2026-01-16 09:50:08.868000031+00:00,container_cpu_usage_seconds_total,,amd64,linux,generate-address,total,,true,true,true,true,true,true,true,true,true,true,true,true,true,true,false,6,42,Intel,true,6.1.0-41-cloud-amd64,6,1,0,true,true,debian,12,12,/kubepods.slice/kubepods-besteffort.slice/kubepods-besteffort-pod3c32f0ee_2b38_4fac_b7ca_833173a4de8c.slice/cri-containerd-3d3ac9f2db02d467ef3ceb3b21f7ff8a421321bea898a911e04049f3ae379a41.scope,docker.io/sepidmas/reuse_scale-generate-address:latest,ise-knode2,kubernetes-nodes-cadvisor,amd64,ise-knode2,linux,3d3ac9f2db02d467ef3ceb3b21f7ff8a421321bea898a911e04049f3ae379a41,pipeline,fast,generate-address-7d58d5bb8-mgfgf,,1768557008.868,14.669774,pod,cpu_time_seconds,Treatment
2026-01-16 09:50:38.868000031+00:00,container_cpu_usage_seconds_total,,amd64,linux,generate-address,total,,true,true,true,true,true,true,true,true,true,true,true,true,true,true,false,6,42,Intel,true,6.1.0-41-cloud-amd64,6,1,0,true,true,debian,12,12,/kubepods.slice/kubepods-besteffort.slice/kubepods-besteffort-pod3c32f0ee_2b38_4fac_b7ca_833173a4de8c.slice/cri-containerd-3d3ac9f2db02d467ef3ceb3b21f7ff8a421321bea898a911e04049f3ae379a41.scope,docker.io/sepidmas/reuse_scale-generate-address:latest,ise-knode2,kubernetes-nodes-cadvisor,amd64,ise-knode2,linux,3d3ac9f2db02d467ef3ceb3b21f7ff8a421321bea898a911e04049f3ae379a41,pipeline,fast,generate-address-7d58d5bb8-mgfgf,,1768557038.868,14.675454,pod,cpu_time_seconds,Treatment
2026-01-16 09:49:08.868000031+00:00,container_cpu_usage_seconds_total,,amd64,linux,generate-birthday,total,,true,true,true,true,true,true,true,true,true,true,true,true,true,true,false,6,42,Intel,true,6.1.0-41-cloud-amd64,6,1,0,true,true,debian,12,12,/kubepods.slice/kubepods-besteffort.slice/kubepods-besteffort-poda9dfe845_75f2_4166_a3ba_cc6d751bb23e.slice/cri-containerd-836f0be2d082436041d24cd2e2dcdb1128b91987705ee8f72a04586c12066c45.scope,docker.io/sepidmas/reuse_scale-generate-birthday:latest,ise-knode2,kubernetes-nodes-cadvisor,amd64,ise-knode2,linux,836f0be2d082436041d24cd2e2dcdb1128b91987705ee8f72a04586c12066c45,pipeline,fast,generate-birthday-65888b8c76-n2srp,,1768556948.868,14.947436,pod,cpu_time_seconds,NoTreatment
2026-01-16 09:49:38.868000031+00:00,container_cpu_usage_seconds_total,,amd64,linux,generate-birthday,total,,true,true,true,true,true,true,true,true,true,true,true,true,true,true,false,6,42,Intel,true,6.1.0-41-cloud-amd64,6,1,0,true,true,debian,12,12,/kubepods.slice/kubepods-besteffort.slice/kubepods-besteffort-poda9dfe845_75f2_4166_a3ba_cc6d751bb23e.slice/cri-containerd-836f0be2d082436041d24cd2e2dcdb1128b91987705ee8f72a04586c12066c45.scope,docker.io/sepidmas/reuse_scale-generate-birthday:latest,ise-knode2,kubernetes-nodes-cadvisor,amd64,ise-knode2,linux,836f0be2d082436041d24cd2e2dcdb1128b91987705ee8f72a04586c12066c45,pipeline,fast,generate-birthday-65888b8c76-n2srp,,1768556978.868,14.950119,pod,cpu_time_seconds,Treatment
2026-01-16 09:50:08.868000031+00:00,container_cpu_usage_seconds_total,,amd64,linux,generate-birthday,total,,true,true,true,true,true,true,true,true,true,true,true,true,true,true,false,6,42,Intel,true,6.1.0-41-cloud-amd64,6,1,0,true,true,debian,12,12,/kubepods.slice/kubepods-besteffort.slice/kubepods-besteffort-poda9dfe845_75f2_4166_a3ba_cc6d751bb23e.slice/cri-containerd-836f0be2d082436041d24cd2e2dcdb1128b91987705ee8f72a04586c12066c45.scope,docker.io/sepidmas/reuse_scale-generate-birthday:latest,ise-knode2,kubernetes-nodes-cadvisor,amd64,ise-knode2,linux,836f0be2d082436041d24cd2e2dcdb1128b91987705ee8f72a04586c12066c45,pipeline,fast,generate-birthday-65888b8c76-n2srp,,1768557008.868,14.996,pod,cpu_time_seconds,Treatment
2026-01-16 09:50:38.868000031+00:00,container_cpu_usage_seconds_total,,amd64,linux,generate-birthday,total,,true,true,true,true,true,true,true,true,true,true,true,true,true,true,false,6,42,Intel,true,6.1.0-41-cloud-amd64,6,1,0,true,true,debian,12,12,/kubepods.slice/kubepods-besteffort.slice/kubepods-besteffort-poda9dfe845_75f2_4166_a3ba_cc6d751bb23e.slice/cri-containerd-836f0be2d082436041d24cd2e2dcdb1128b91987705ee8f72a04586c12066c45.scope,docker.io/sepidmas/reuse_scale-generate-birthday:latest,ise-knode2,kubernetes-nodes-cadvisor,amd64,ise-knode2,linux,836f0be2d082436041d24cd2e2dcdb1128b91987705ee8f72a04586c12066c45,pipeline,fast,generate-birthday-65888b8c76-n2srp,,1768557038.868,15.003207,pod,cpu_time_seconds,Treatment
2026-01-16 09:50:08.868000031+00:00,container_cpu_usage_seconds_total,,amd64,linux,init,total,,true,true,true,true,true,true,true,true,true,true,true,true,true,true,false,6,42,Intel,true,6.1.0-41-cloud-amd64,6,1,0,true,true,debian,12,12,/kubepods.slice/kubepods-besteffort.slice/kubepods-besteffort-poda1172323_d3c3_4fb2_9219_433245c2398c.slice/cri-containerd-e85a68b5d5ee731c6d6a7cff96f6054ddf8a8af73cae45c494f233c10c28692b.scope,quay.io/argoproj/argoexec:v3.7.4,ise-knode2,kubernetes-nodes-cadvisor,amd64,ise-knode2,linux,e85a68b5d5ee731c6d6a7cff96f6054ddf8a8af73cae45c494f233c10c28692b,pipeline,fast,parallel-evaluation-only-ch9d8-call-privacy-tracking-service-171376230,,1768557008.868,0.015726,pod,cpu_time_seconds,Treatment
2026-01-16 09:50:38.868000031+00:00,container_cpu_usage_seconds_total,,amd64,linux,init,total,,true,true,true,true,true,true,true,true,true,true,true,true,true,true,false,6,42,Intel,true,6.1.0-41-cloud-amd64,6,1,0,true,true,debian,12,12,/kubepods.slice/kubepods-besteffort.slice/kubepods-besteffort-poda1172323_d3c3_4fb2_9219_433245c2398c.slice/cri-containerd-e85a68b5d5ee731c6d6a7cff96f6054ddf8a8af73cae45c494f233c10c28692b.scope,quay.io/argoproj/argoexec:v3.7.4,ise-knode2,kubernetes-nodes-cadvisor,amd64,ise-knode2,linux,e85a68b5d5ee731c6d6a7cff96f6054ddf8a8af73cae45c494f233c10c28692b,pipeline,fast,parallel-evaluation-only-ch9d8-call-privacy-tracking-service-171376230,,1768557038.868,0.015726,pod,cpu_time_seconds,Treatment
2026-01-16 09:50:08.868000031+00:00,container_cpu_usage_seconds_total,,amd64,linux,main,total,,true,true,true,true,true,true,true,true,true,true,true,true,true,true,false,6,42,Intel,true,6.1.0-41-cloud-amd64,6,1,0,true,true,debian,12,12,/kubepods.slice/kubepods-besteffort.slice/kubepods-besteffort-poda1172323_d3c3_4fb2_9219_433245c2398c.slice/cri-containerd-3a9005a4ef4334c306de787854dddb4a9cf495a6cf66358730aa77ccfb775a84.scope,docker.io/curlimages/curl:7.85.0,ise-knode2,kubernetes-nodes-cadvisor,amd64,ise-knode2,linux,3a9005a4ef4334c306de787854dddb4a9cf495a6cf66358730aa77ccfb775a84,pipeline,fast,parallel-evaluation-only-ch9d8-call-privacy-tracking-service-171376230,,1768557008.868,0.017173,pod,cpu_time_seconds,Treatment
2026-01-16 09:50:38.868000031+00:00,container_cpu_usage_seconds_total,,amd64,linux,main,total,,true,true,true,true,true,true,true,true,true,true,true,true,true,true,false,6,42,Intel,true,6.1.0-41-cloud-amd64,6,1,0,true,true,debian,12,12,/kubepods.slice/kubepods-besteffort.slice/kubepods-besteffort-poda1172323_d3c3_4fb2_9219_433245c2398c.slice/cri-containerd-3a9005a4ef4334c306de787854dddb4a9cf495a6cf66358730aa77ccfb775a84.scope,docker.io/curlimages/curl:7.85.0,ise-knode2,kubernetes-nodes-cadvisor,amd64,ise-knode2,linux,3a9005a4ef4334c306de787854dddb4a9cf495a6cf66358730aa77ccfb775a84,pipeline,fast,parallel-evaluation-only-ch9d8-call-privacy-tracking-service-171376230,,1768557038.868,0.017173,pod,cpu_time_seconds,Treatment
2026-01-16 09:49:38.868000031+00:00,container_cpu_usage_seconds_total,,amd64,linux,main,total,,true,true,true,true,true,true,true,true,true,true,true,true,true,true,false,6,42,Intel,true,6.1.0-41-cloud-amd64,6,1,0,true,true,debian,12,12,/kubepods.slice/kubepods-besteffort.slice/kubepods-besteffort-podab5fd913_d072_4447_a04e_8ea1f5e561f8.slice/cri-containerd-1cdd446ba44a8fdded068e5dbbcc9c56a7ed7cd60bf62cff8e09a64b0b7794c8.scope,docker.io/curlimages/curl:7.85.0,ise-knode2,kubernetes-nodes-cadvisor,amd64,ise-knode2,linux,1cdd446ba44a8fdded068e5dbbcc9c56a7ed7cd60bf62cff8e09a64b0b7794c8,pipeline,fast,synthesize-only-qtszk-call-load-data-service-2681918165,,1768556978.868,0.017186,pod,cpu_time_seconds,Treatment
2026-01-16 09:50:08.868000031+00:00,container_cpu_usage_seconds_total,,amd64,linux,main,total,,true,true,true,true,true,true,true,true,true,true,true,true,true,true,false,6,42,Intel,true,6.1.0-41-cloud-amd64,6,1,0,true,true,debian,12,12,/kubepods.slice/kubepods-besteffort.slice/kubepods-besteffort-podab5fd913_d072_4447_a04e_8ea1f5e561f8.slice/cri-containerd-1cdd446ba44a8fdded068e5dbbcc9c56a7ed7cd60bf62cff8e09a64b0b7794c8.scope,docker.io/curlimages/curl:7.85.0,ise-knode2,kubernetes-nodes-cadvisor,amd64,ise-knode2,linux,1cdd446ba44a8fdded068e5dbbcc9c56a7ed7cd60bf62cff8e09a64b0b7794c8,pipeline,fast,synthesize-only-qtszk-call-load-data-service-2681918165,,1768557008.868,0.017186,pod,cpu_time_seconds,Treatment
2026-01-16 09:50:38.868000031+00:00,container_cpu_usage_seconds_total,,amd64,linux,main,total,,true,true,true,true,true,true,true,true,true,true,true,true,true,true,false,6,42,Intel,true,6.1.0-41-cloud-amd64,6,1,0,true,true,debian,12,12,/kubepods.slice/kubepods-besteffort.slice/kubepods-besteffort-podab5fd913_d072_4447_a04e_8ea1f5e561f8.slice/cri-containerd-1cdd446ba44a8fdded068e5dbbcc9c56a7ed7cd60bf62cff8e09a64b0b7794c8.scope,docker.io/curlimages/curl:7.85.0,ise-knode2,kubernetes-nodes-cadvisor,amd64,ise-knode2,linux,1cdd446ba44a8fdded068e5dbbcc9c56a7ed7cd60bf62cff8e09a64b0b7794c8,pipeline,fast,synthesize-only-qtszk-call-load-data-service-2681918165,,1768557038.868,0.017186,pod,cpu_time_seconds,Treatment
2026-01-16 09:50:08.868000031+00:00,container_cpu_usage_seconds_total,,amd64,linux,main,total,,true,true,true,true,true,true,true,true,true,true,true,true,true,true,false,6,42,Intel,true,6.1.0-41-cloud-amd64,6,1,0,true,true,debian,12,12,/kubepods.slice/kubepods-besteffort.slice/kubepods-besteffort-pode4bcddbc_5317_485a_950a_8bcf15ae64d5.slice/cri-containerd-6f92d7816ae9dafc38a93aa0cf7847db07e0e52ac3151ea74c7a0e70a34fa4af.scope,docker.io/curlimages/curl:7.85.0,ise-knode2,kubernetes-nodes-cadvisor,amd64,ise-knode2,linux,6f92d7816ae9dafc38a93aa0cf7847db07e0e52ac3151ea74c7a0e70a34fa4af,pipeline,fast,evaluation-only-c7pzm-call-data-quality-service-4200216920,,1768557008.868,0.017861,pod,cpu_time_seconds,Treatment
2026-01-16 09:50:38.868000031+00:00,container_cpu_usage_seconds_total,,amd64,linux,main,total,,true,true,true,true,true,true,true,true,true,true,true,true,true,true,false,6,42,Intel,true,6.1.0-41-cloud-amd64,6,1,0,true,true,debian,12,12,/kubepods.slice/kubepods-besteffort.slice/kubepods-besteffort-pode4bcddbc_5317_485a_950a_8bcf15ae64d5.slice/cri-containerd-6f92d7816ae9dafc38a93aa0cf7847db07e0e52ac3151ea74c7a0e70a34fa4af.scope,docker.io/curlimages/curl:7.85.0,ise-knode2,kubernetes-nodes-cadvisor,amd64,ise-knode2,linux,6f92d7816ae9dafc38a93aa0cf7847db07e0e52ac3151ea74c7a0e70a34fa4af,pipeline,fast,evaluation-only-c7pzm-call-data-quality-service-4200216920,,1768557038.868,0.017861,pod,cpu_time_seconds,Treatment
2026-01-16 09:50:08.868000031+00:00,container_cpu_usage_seconds_total,,amd64,linux,wait,total,,true,true,true,true,true,true,true,true,true,true,true,true,true,true,false,6,42,Intel,true,6.1.0-41-cloud-amd64,6,1,0,true,true,debian,12,12,/kubepods.slice/kubepods-besteffort.slice/kubepods-besteffort-poda1172323_d3c3_4fb2_9219_433245c2398c.slice/cri-containerd-cefacd2904470e0adbf91409090aabddc7c79acf6248440caba7a699392819a9.scope,quay.io/argoproj/argoexec:v3.7.4,ise-knode2,kubernetes-nodes-cadvisor,amd64,ise-knode2,linux,cefacd2904470e0adbf91409090aabddc7c79acf6248440caba7a699392819a9,pipeline,fast,parallel-evaluation-only-ch9d8-call-privacy-tracking-service-171376230,,1768557008.868,0.017486,pod,cpu_time_seconds,Treatment
2026-01-16 09:50:38.868000031+00:00,container_cpu_usage_seconds_total,,amd64,linux,wait,total,,true,true,true,true,true,true,true,true,true,true,true,true,true,true,false,6,42,Intel,true,6.1.0-41-cloud-amd64,6,1,0,true,true,debian,12,12,/kubepods.slice/kubepods-besteffort.slice/kubepods-besteffort-poda1172323_d3c3_4fb2_9219_433245c2398c.slice/cri-containerd-cefacd2904470e0adbf91409090aabddc7c79acf6248440caba7a699392819a9.scope,quay.io/argoproj/argoexec:v3.7.4,ise-knode2,kubernetes-nodes-cadvisor,amd64,ise-knode2,linux,cefacd2904470e0adbf91409090aabddc7c79acf6248440caba7a699392819a9,pipeline,fast,parallel-evaluation-only-ch9d8-call-privacy-tracking-service-171376230,,1768557038.868,0.017486,pod,cpu_time_seconds,Treatment
2026-01-16 09:49:38.868000031+00:00,container_cpu_usage_seconds_total,,amd64,linux,wait,total,,true,true,true,true,true,true,true,true,true,true,true,true,true,true,false,6,42,Intel,true,6.1.0-41-cloud-amd64,6,1,0,true,true,debian,12,12,/kubepods.slice/kubepods-besteffort.slice/kubepods-besteffort-podab5fd913_d072_4447_a04e_8ea1f5e561f8.slice/cri-containerd-08c373da5d7948101d48fc0b5e1dc69c99551581d2e62af2ede16365488c6dbc.scope,quay.io/argoproj/argoexec:v3.7.4,ise-knode2,kubernetes-nodes-cadvisor,amd64,ise-knode2,linux,08c373da5d7948101d48fc0b5e1dc69c99551581d2e62af2ede16365488c6dbc,pipeline,fast,synthesize-only-qtszk-call-load-data-service-2681918165,,1768556978.868,0.019138,pod,cpu_time_seconds,Treatment
2026-01-16 09:50:08.868000031+00:00,container_cpu_usage_seconds_total,,amd64,linux,wait,total,,true,true,true,true,true,true,true,true,true,true,true,true,true,true,false,6,42,Intel,true,6.1.0-41-cloud-amd64,6,1,0,true,true,debian,12,12,/kubepods.slice/kubepods-besteffort.slice/kubepods-besteffort-podab5fd913_d072_4447_a04e_8ea1f5e561f8.slice/cri-containerd-08c373da5d7948101d48fc0b5e1dc69c99551581d2e62af2ede16365488c6dbc.scope,quay.io/argoproj/argoexec:v3.7.4,ise-knode2,kubernetes-nodes-cadvisor,amd64,ise-knode2,linux,08c373da5d7948101d48fc0b5e1dc69c99551581d2e62af2ede16365488c6dbc,pipeline,fast,synthesize-only-qtszk-call-load-data-service-2681918165,,1768557008.868,0.019138,pod,cpu_time_seconds,Treatment
2026-01-16 09:50:38.868000031+00:00,container_cpu_usage_seconds_total,,amd64,linux,wait,total,,true,true,true,true,true,true,true,true,true,true,true,true,true,true,false,6,42,Intel,true,6.1.0-41-cloud-amd64,6,1,0,true,true,debian,12,12,/kubepods.slice/kubepods-besteffort.slice/kubepods-besteffort-podab5fd913_d072_4447_a04e_8ea1f5e561f8.slice/cri-containerd-08c373da5d7948101d48fc0b5e1dc69c99551581d2e62af2ede16365488c6dbc.scope,quay.io/argoproj/argoexec:v3.7.4,ise-knode2,kubernetes-nodes-cadvisor,amd64,ise-knode2,linux,08c373da5d7948101d48fc0b5e1dc69c99551581d2e62af2ede16365488c6dbc,pipeline,fast,synthesize-only-qtszk-call-load-data-service-2681918165,,1768557038.868,0.019138,pod,cpu_time_seconds,Treatment
2026-01-16 09:50:08.868000031+00:00,container_cpu_usage_seconds_total,,amd64,linux,wait,total,,true,true,true,true,true,true,true,true,true,true,true,true,true,true,false,6,42,Intel,true,6.1.0-41-cloud-amd64,6,1,0,true,true,debian,12,12,/kubepods.slice/kubepods-besteffort.slice/kubepods-besteffort-pode4bcddbc_5317_485a_950a_8bcf15ae64d5.slice/cri-containerd-73af738ebda2f373628196f472fcdaec0231e8d934cd11f8c93dd7dc00f2f003.scope,quay.io/argoproj/argoexec:v3.7.4,ise-knode2,kubernetes-nodes-cadvisor,amd64,ise-knode2,linux,73af738ebda2f373628196f472fcdaec0231e8d934cd11f8c93dd7dc00f2f003,pipeline,fast,evaluation-only-c7pzm-call-data-quality-service-4200216920,,1768557008.868,0.017561,pod,cpu_time_seconds,Treatment
2026-01-16 09:50:38.868000031+00:00,container_cpu_usage_seconds_total,,amd64,linux,wait,total,,true,true,true,true,true,true,true,true,true,true,true,true,true,true,false,6,42,Intel,true,6.1.0-41-cloud-amd64,6,1,0,true,true,debian,12,12,/kubepods.slice/kubepods-besteffort.slice/kubepods-besteffort-pode4bcddbc_5317_485a_950a_8bcf15ae64d5.slice/cri-containerd-73af738ebda2f373628196f472fcdaec0231e8d934cd11f8c93dd7dc00f2f003.scope,quay.io/argoproj/argoexec:v3.7.4,ise-knode2,kubernetes-nodes-cadvisor,amd64,ise-knode2,linux,73af738ebda2f373628196f472fcdaec0231e8d934cd11f8c93dd7dc00f2f003,pipeline,fast,evaluation-only-c7pzm-call-data-quality-service-4200216920,,1768557038.868,0.017561,pod,cpu_time_seconds,Treatment
